序号,系统编码,标签版本,是否当前版本,适用文书类型,医院,所属标签包,标签名称,标签CODE,定义/描述,标签英文名,其他名称,来源,来源版本,来源编码,标准名称,标准类型,CDE编号,CDE来源,CReDEs-数据项,CReDEs-值域描述,原映射编码,交叉引用,CReDEs_限定范围,CReDEs_限定范围(英文),CReDEs_值域描述,CReDEs_值域描述(英文),数据类型,文本-长度,数字-长度,数字-精度,数字-单位,日期/时间,枚举-可选内容,枚举-否否多选,Unnamed: 35,Unnamed: 36,Unnamed: 37,Unnamed: 38
1,LI0000002,9c791d03c5414b875c1d93564b6a67ac985194f76e324bce432da2537a3f9d0d,Yes,入院记录,东肝,健康问题与诊断,感染类型,INF_TYPE,指患者是否有特定类型的感染疾病（如细菌、病毒、寄生虫等）。,Infection Type,,,,,临床研究通用数据元素集(CRCDE),数据元标准,CCDE.99.00.0000373.01.01,东肝,寄生虫感染,,SI1114797,上海东方肝胆医院院级临床研究数据集:ZB_JSCGR,,,,,枚举,,,,,,0=无；1=华支睾吸虫有；2=肝吸虫；3=蛔虫,否,,,,
5,LI0000003,9d36c3b1cc55a22492acc3e6b219e52e8c69e867539f2a11a4cc2e7bd215ff7e,Yes,入院记录,东肝,健康问题与诊断,感染时间,INF_TIME,感染发生的具体时间或时间段。,Infection Time,,,,,临床研究通用数据元素集(CRCDE),数据元标准,CCDE.99.00.0000374.01.01,东肝,寄生虫感染发生于哪一年,,SI1114798,上海东方肝胆医院院级临床研究数据集:ZB_JSCGRFSYNYN,,,,,文本,20,,,,,,,,,,
8,LI0000004,2268faa5f46f75096ea3bd7581796126314bafcc615aec1a2f9d12d70c6412b8,Yes,"入院记录,现病史,既往史","东肝,胸科",健康问题与诊断,发病时间,ONSET_TIME,指某一事件或症状首次出现的时间。,Onset Time,发生时间,,,,临床研究通用数据元素集(CRCDE),数据元标准,CCDE.99.00.0000366.01.01,东肝,肝炎史发生于哪一年,,SI1114790,上海东方肝胆医院院级临床研究数据集:ZB_GYSFSYNYN,,,,,文本,20,,,,,,,,,,
11,LI0000004,2268faa5f46f75096ea3bd7581796126314bafcc615aec1a2f9d12d70c6412b8,Yes,"入院记录,现病史,既往史","东肝,胸科",健康问题与诊断,发病时间,ONSET_TIME,指某一事件或症状首次出现的时间。,Onset Time,发生时间,,,,临床研究通用数据元素集(CRCDE),数据元标准,CCDE.99.00.0000368.01.01,东肝,化脓性胆管炎第一次发作时间,,SI1114792,上海东方肝胆医院院级临床研究数据集:ZB_HNXDYSJ,,,,,日期/时间,,,,,yyyy-MM-dd,,,,,,
18,LI0000004,2268faa5f46f75096ea3bd7581796126314bafcc615aec1a2f9d12d70c6412b8,Yes,"入院记录,现病史,既往史","东肝,胸科",健康问题与诊断,发病时间,ONSET_TIME,指某一事件或症状首次出现的时间。,Onset Time,发生时间,,,,临床研究通用数据元素集(CRCDE),数据元标准,CCDE.99.00.0000376.01.01,东肝,糖尿病史发生于,,SI1114800,上海东方肝胆医院院级临床研究数据集:ZB_TNBSFSYNYN,,,,,文本,20,,,,,,,,,,
21,LI0000004,2268faa5f46f75096ea3bd7581796126314bafcc615aec1a2f9d12d70c6412b8,Yes,"入院记录,现病史,既往史","东肝,胸科",健康问题与诊断,发病时间,ONSET_TIME,指某一事件或症状首次出现的时间。,Onset Time,发生时间,,,,临床研究通用数据元素集(CRCDE),数据元标准,CCDE.99.00.0000364.01.01,东肝,肝硬化史发生于哪一年,,SI1114788,上海东方肝胆医院院级临床研究数据集:ZB_GYHSFSYNYN,,,,,文本,20,,,,,,,,,,
30,LI0000006,c46e0a37c2463a73dd7bf7deb31e8744963fc00b0a48ea1bde30c9b9346cd89f,Yes,入院记录,东肝,健康问题与诊断,发病次数,FREQ_OCCUR,指某一症状或事件发生的频率。,Frequency of Occurrence,发生次数,,,,临床研究通用数据元素集(CRCDE),数据元标准,CCDE.99.00.0000367.01.01,东肝,化脓性胆管炎发作次数,,SI1114791,上海东方肝胆医院院级临床研究数据集:ZB_HNXDYCS,,,,,整数,,3,,,,,,,,,
33,LI0000007,40cc181defde41eb6af27b8c40e2adc1c52040d3f0f0608479a6a63cebb9fea6,Yes,入院记录,东肝,健康问题与诊断,治疗持续时间,TREAT_DURATION,从开始到结束接受某种治疗的时间长度。,Duration of Treatment,,,,,临床研究通用数据元素集(CRCDE),数据元标准,CCDE.99.00.0000377.01.01,东肝,糖尿病史治疗持续时间,,SI1114801,上海东方肝胆医院院级临床研究数据集:ZB_TNBSZLCXSJ,,,,,小数,,2,,,,,,,,,
37,LI0000008,bb76c08b7b0135d59b1a870971681e5cfbd9ea9937c9decb473bcc55fbfb1a8f,Yes,入院记录,东肝,健康问题与诊断,疾病阶段,DIS_STAGE,根据国际标准（如TNM分期）确定的疾病发展阶段。,Disease Stage,,,,,临床研究通用数据元素集(CRCDE),数据元标准,CCDE.99.00.0000390.01.01,东肝,肝硬化史程度,,SI1114814,上海东方肝胆医院院级临床研究数据集:ZB_GYHSCD,,,,,枚举,,,,,,1=轻；2=中；3=重,否,,,,
40,LI0000009,57bca078e6737709a187b43fc14206a0cbd9d668943ead5e3e905d6363066e5a,Yes,"家族史,入院记录","东肝,胸科",健康问题与诊断,家族疾病史,FMH,直系亲属中是否有类似或其他重大疾病的记录。,Family Medical History,家族疾病名称,,,,临床研究通用数据元素集(CRCDE),数据元标准,CCDE.99.00.0000379.01.01,东肝,肝硬化家族史,,SI1114803,上海东方肝胆医院院级临床研究数据集:ZB_GYHJZS,,,,,枚举,,,,,,0=无；1=有,否,,,,
43,LI0000009,57bca078e6737709a187b43fc14206a0cbd9d668943ead5e3e905d6363066e5a,Yes,"家族史,入院记录","东肝,胸科",健康问题与诊断,家族疾病史,FMH,直系亲属中是否有类似或其他重大疾病的记录。,Family Medical History,家族疾病名称,,,,临床研究通用数据元素集(CRCDE),数据元标准,CCDE.99.00.0000380.01.01,东肝,肝炎家族史,,SI1114804,上海东方肝胆医院院级临床研究数据集:ZB_GYJZS,,,,,枚举,,,,,,0=无；1=有,否,,,,
46,LI0000009,57bca078e6737709a187b43fc14206a0cbd9d668943ead5e3e905d6363066e5a,Yes,"家族史,入院记录","东肝,胸科",健康问题与诊断,家族疾病史,FMH,直系亲属中是否有类似或其他重大疾病的记录。,Family Medical History,家族疾病名称,,,,临床研究通用数据元素集(CRCDE),数据元标准,CCDE.03.05.0000033.01.01,卫健委;九院,肿瘤家族史标志,标识个体家族成员中是否有肿瘤患者,SI1109986,WS 372.1-2012:DE02.10.087.00;UDE数据标准:UDE0075301;上海东方肝胆医院院级临床研究数据集:ZB_QTEXZLJZS;合肥肿瘤医院院级临床研究数据集:SFYJZAZS;上海九院临床研究数据元素集:JZZLS;上海九院临床研究数据元素集:JZZLBZ,,,,,枚举,,,,,,0=无；1=有,,,,,
59,LI0000009,57bca078e6737709a187b43fc14206a0cbd9d668943ead5e3e905d6363066e5a,Yes,"家族史,入院记录","东肝,胸科",健康问题与诊断,家族疾病史,FMH,直系亲属中是否有类似或其他重大疾病的记录。,Family Medical History,家族疾病名称,,,,临床研究通用数据元素集(CRCDE),数据元标准,CCDE.99.00.0000378.01.01,东肝,肝癌家族史,,SI1114802,上海东方肝胆医院院级临床研究数据集:ZB_GAJZS,,,,,枚举,,,,,,0=无；1=有,否,,,,
62,LI0000009,57bca078e6737709a187b43fc14206a0cbd9d668943ead5e3e905d6363066e5a,Yes,"家族史,入院记录","东肝,胸科",健康问题与诊断,家族疾病史,FMH,直系亲属中是否有类似或其他重大疾病的记录。,Family Medical History,家族疾病名称,,,,临床研究通用数据元素集(CRCDE),数据元标准,CCDE.99.00.0000381.01.01,东肝,其他恶性肿瘤家族史名称,,SI1114805,上海东方肝胆医院院级临床研究数据集:ZB_QTEXZLJZSMC,,,,,文本,100,,,,,,,,,,
86,LI0000012,fea24f38a7c238d5f14fc07b02bc255e2f8f2c59eba4534adf65ce58ae1bbe34,Yes,"影像检查,专科检查,物理检查,病理,诊断,入院记录,现病史,手术记录,检查,病理检查,病理诊断","东肝,九院,胸科",解剖与病理信息,病变部位,LESION_LOC,记录检查中发现的病灶具体部位，如唇部、口底部、舌部、颊黏膜等。,Lesion Location,"病灶部位,发生部位",,,,临床研究通用数据元素集(CRCDE),数据元标准,CCDE.99.00.0000500.01.01,东肝,肿瘤位置_肝叶,,SI1114925,上海东方肝胆医院院级临床研究数据集:ZB_ZLGY,,,,,枚举,,,,,,1=左外叶；2=左内叶；3=右前叶；4=右后叶；5=尾状叶,否,,,,
102,LI0000012,fea24f38a7c238d5f14fc07b02bc255e2f8f2c59eba4534adf65ce58ae1bbe34,Yes,"影像检查,专科检查,物理检查,病理,诊断,入院记录,现病史,手术记录,检查,病理检查,病理诊断","东肝,九院,胸科",解剖与病理信息,病变部位,LESION_LOC,记录检查中发现的病灶具体部位，如唇部、口底部、舌部、颊黏膜等。,Lesion Location,"病灶部位,发生部位",,,,临床研究通用数据元素集(CRCDE),数据元标准,CCDE.99.00.0000342.01.01,东肝,术后复发部位,,SI1114766,上海东方肝胆医院院级临床研究数据集:ZB_SHFF_FFBW,,,,,枚举,,,,,,1=肝内；2=肝外；3=肝内肝外同时发生,否,,,,
108,LI0000014,0fa0141544be4d5b89acd174b60ad26a53e485aab3f6413783c904128cddef2d,Yes,病理检查,东肝,解剖与病理信息,病理学分型,PATH_CLASS,肿瘤的病理学类型（如肝细胞癌、胆管癌、混合型肝癌等）。,Pathological Classification,病理类型,,,,临床研究通用数据元素集(CRCDE),数据元标准,CCDE.99.00.0000431.01.01,东肝,肿瘤性状,,SI1114855,上海东方肝胆医院院级临床研究数据集:ZB_ZLXZ,,,,,枚举,,,,,,1=单发；2=单发+子灶；3=2个；4=2个+子灶；5=多发（≥3）；6=弥漫分布不超过半肝；7=弥漫分布超过半肝；8=肿瘤大小边界不清，经病理检查发现,否,,,,
112,LI0000014,0fa0141544be4d5b89acd174b60ad26a53e485aab3f6413783c904128cddef2d,Yes,病理检查,东肝,解剖与病理信息,病理学分型,PATH_CLASS,肿瘤的病理学类型（如肝细胞癌、胆管癌、混合型肝癌等）。,Pathological Classification,病理类型,,,,临床研究通用数据元素集(CRCDE),数据元标准,CCDE.09.02.0000014.01.01,东肝,是否原发性肝癌,标识患者所患癌症是否为原发性肝癌,SI1111142,上海东方肝胆医院院级临床研究数据集:ZB_YFXGA;合肥肿瘤医院院级临床研究数据集:SFYFXGA,,,,,枚举,,,,,,1=是；0=否,否,,,,
116,LI0000014,0fa0141544be4d5b89acd174b60ad26a53e485aab3f6413783c904128cddef2d,Yes,病理检查,东肝,解剖与病理信息,病理学分型,PATH_CLASS,肿瘤的病理学类型（如肝细胞癌、胆管癌、混合型肝癌等）。,Pathological Classification,病理类型,,,,临床研究通用数据元素集(CRCDE),数据元标准,CCDE.10.00.0001645.01.01,上海东方肝胆医院院级临床研究数据集,Ⅰ复发后再次手术_病理细胞学分型,,SI1122499,上海东方肝胆医院院级临床研究数据集:ZB_BLXBXFX,,,,,枚举,,,,,,1=肝细胞癌；2=胆管细胞癌；3=混合型,否,,,,
123,LI0000015,21e24dffd3ae9e0d474fc9ba9b08675fd4e895e10bb22948dd898317a6471194,Yes,"病理,病理诊断,诊断,现病史","东肝,胸科",解剖与病理信息,组织学分型,HISTO_CLASS,肝癌的组织学形态，常见有细梁型、粗梁型、假腺管型和团片型等,Histological Classification,"组织学类型,病理组织学分类",东肝-肝癌,,,临床研究通用数据元素集(CRCDE),数据元标准,CCDE.10.00.0001642.01.01,上海东方肝胆医院院级临床研究数据集,术后病理_病理组织学分型,,SI1122496,上海东方肝胆医院院级临床研究数据集:ZB_SHBL_BLZZXFX,,,,,枚举,,,,,,1=细梁型；2=粗梁型；3=团片型；4=致密型；5=硬化型；6=假腺管型,否,,,,
129,LI0000016,14335afd0685749c7f55509798c98bfb7921abcf66d6b60097d92fb383c996d7,Yes,病理诊断,东肝,解剖与病理信息,细胞学类型,CYTO_TYPE,癌症的细胞学形态的分类,Cytological Type,,,,,临床研究通用数据元素集(CRCDE),数据元标准,CCDE.09.02.0000010.01.01,东肝,细胞学类型,肿瘤所属的细胞学类型,SI1111127,上海东方肝胆医院院级临床研究数据集:ZB_XBXLX;合肥肿瘤医院院级临床研究数据集:XBXLX,,,,,枚举,,,,,,"0=透明细胞型；1=富脂型,；2=梭形细胞型；3=未分化型；4=其他类型",否,,,,
135,LI0000017,d79652fe06ab4fda1e2c3a68bc9cff9b0488cbd90618d873fc1446a304cd8fd3,Yes,病理诊断,东肝,解剖与病理信息,癌细胞形状,CELL_SHAPE,描述癌细胞的形状特征，如类圆形、不规则形等。,Cancer Cell Shape,,东肝-肝癌,,,临床研究通用数据元素集(CRCDE),数据元标准,CCDE.99.00.0000493.01.01,东肝,术后病理_形状,,SI1114918,上海东方肝胆医院院级临床研究数据集:ZB_SHBL_XZ,,,,,枚举,,,,,,0=类圆型；1=不规则,否,,,,
138,LI0000018,0d7746522b5a78fa4cc45bc155873d9c576e472fa9f97d91a625d65bcf1d015a,Yes,"日常病程,病理诊断,入院记录,手术记录,检查",东肝,解剖与病理信息,病变数量,LESION_COUNT,说明肿瘤或病变区域的数量。,Number of Lesions,病灶数目,,,,临床研究通用数据元素集(CRCDE),数据元标准,CCDE.99.00.0000486.01.01,东肝,术后病理_数目,,SI1114911,上海东方肝胆医院院级临床研究数据集:ZB_SHBL_SM,,,,,小数,,6,2,,,,,,,,
142,LI0000018,0d7746522b5a78fa4cc45bc155873d9c576e472fa9f97d91a625d65bcf1d015a,Yes,"日常病程,病理诊断,入院记录,手术记录,检查",东肝,解剖与病理信息,病变数量,LESION_COUNT,说明肿瘤或病变区域的数量。,Number of Lesions,病灶数目,,,,临床研究通用数据元素集(CRCDE),数据元标准,CCDE.07.14.0000194.01.01,中山七院;东肝,肿瘤个数,,SI1107531,UDE数据标准:UDE0082672;上海东方肝胆医院院级临床研究数据集:ZB_ZLGS;合肥肿瘤医院院级临床研究数据集:SZSJZLSM,,,,,整数,,4,,个,,,,,,,
161,LI0000018,0d7746522b5a78fa4cc45bc155873d9c576e472fa9f97d91a625d65bcf1d015a,Yes,"日常病程,病理诊断,入院记录,手术记录,检查",东肝,解剖与病理信息,病变数量,LESION_COUNT,说明肿瘤或病变区域的数量。,Number of Lesions,病灶数目,,,,临床研究通用数据元素集(CRCDE),数据元标准,CCDE.09.02.0000083.01.01,中山七院;东肝,肿瘤分型,,SI1107960,上海东方肝胆医院院级临床研究数据集:ZB_ZLFX,,,,,枚举,,,,,,肿块型;溃疡型;浸润型;混合型,否,,,,
167,LI0000019,09b41e70d0c621d0472c46b2754ebe48933e2763e5b0eae318d2757dad658e4a,Yes,"影像检查,专科检查,物理检查,病理,病理诊断,入院记录,现病史,手术记录,检查,病理检查","东肝,九院,胸科",解剖与病理信息,病变大小,LESION_SIZE,测量的病灶尺寸大小，通常通过横径纵径描述，或者通过直径描述。,Lesion Size,"病灶大小,原发灶大小",,,,临床研究通用数据元素集(CRCDE),数据元标准,CCDE.07.00.0000822.01.01,上海东方肝胆医院院级临床研究数据集,瘤灶横径,,SI1121969,上海东方肝胆医院院级临床研究数据集:ZB_SQXGJC_LZHJ,,,,,小数,,6,2,cm,,,,,,,
174,LI0000019,09b41e70d0c621d0472c46b2754ebe48933e2763e5b0eae318d2757dad658e4a,Yes,"影像检查,专科检查,物理检查,病理,病理诊断,入院记录,现病史,手术记录,检查,病理检查","东肝,九院,胸科",解剖与病理信息,病变大小,LESION_SIZE,测量的病灶尺寸大小，通常通过横径纵径描述，或者通过直径描述。,Lesion Size,"病灶大小,原发灶大小",,,,临床研究通用数据元素集(CRCDE),数据元标准,CCDE.07.00.0000821.01.01,上海东方肝胆医院院级临床研究数据集,瘤灶纵径,,SI1121968,上海东方肝胆医院院级临床研究数据集:ZB_SQXGJC_LZZJ,,,,,小数,,6,2,cm,,,,,,,
183,LI0000019,09b41e70d0c621d0472c46b2754ebe48933e2763e5b0eae318d2757dad658e4a,Yes,"影像检查,专科检查,物理检查,病理,病理诊断,入院记录,现病史,手术记录,检查,病理检查","东肝,九院,胸科",解剖与病理信息,病变大小,LESION_SIZE,测量的病灶尺寸大小，通常通过横径纵径描述，或者通过直径描述。,Lesion Size,"病灶大小,原发灶大小",,,,临床研究通用数据元素集(CRCDE),数据元标准,CCDE.07.00.0000096.01.01,东肝;UDE,肿瘤最大直径,,SI1114934,UDE数据标准:UDE0080866;上海东方肝胆医院院级临床研究数据集:ZB_LENTH;上海九院临床研究数据元素集:LZ_ZJ;上海市胸科医院肺癌临床研究数据集:BZZJ,,,,,小数,,6,2,~,,,,,,,
207,LI0000020,120603302fb4a83807bdd1819f862f8c981a1acb453d993def9ea76987c8b92f,Yes,"病理,病理诊断,诊断,现病史,病理检查","东肝,九院,胸科",解剖与病理信息,分化信息,DIFF_INFO,肿瘤细胞的分化程度（高分化、中分化、低分化、未分化），反映恶性程度。,Differentiation Information,分化程度,,,,临床研究通用数据元素集(CRCDE),数据元标准,CCDE.18.00.0000176.01.01,UDE,组织学分级,,SI1120121,UDE数据标准:UDE0083812;上海东方肝胆医院院级临床研究数据集:ZB_BLZZXFJ;合肥肿瘤医院院级临床研究数据集:ZZXFJ,,,,,整数,,2,,,,1=Ⅰ级；2=Ⅱ级；3=Ⅲ级；4=Ⅳ级,,,,,
213,LI0000020,120603302fb4a83807bdd1819f862f8c981a1acb453d993def9ea76987c8b92f,Yes,"病理,病理诊断,诊断,现病史,病理检查","东肝,九院,胸科",解剖与病理信息,分化信息,DIFF_INFO,肿瘤细胞的分化程度（高分化、中分化、低分化、未分化），反映恶性程度。,Differentiation Information,分化程度,,,,临床研究通用数据元素集(CRCDE),数据元标准,CCDE.10.00.0001644.01.01,上海东方肝胆医院院级临床研究数据集,术后病理_分化,,SI1122498,上海东方肝胆医院院级临床研究数据集:ZB_SHBL_FH,,,,,文本,100,,,,,,,,,,
216,LI0000021,a3664a50007965197907a9ba512f5eb3a1ac5a3e39b20389a113739a73a53c23,Yes,"病理,病理诊断,诊断,现病史","东肝,胸科",解剖与病理信息,AJCC分期,AJCC_STAGE,病理诊断原发性肝癌美国癌症联合委员会分期的详细描述,AJCC Staging,临床分期,,,,临床研究通用数据元素集(CRCDE),数据元标准,CCDE.09.00.0000517.01.01,上海东方肝胆医院院级临床研究数据集,美国癌症联合委员会分期,,SI1122493,上海东方肝胆医院院级临床研究数据集:ZB_ACJJ;合肥肿瘤医院院级临床研究数据集:MGAZLHWYHFQ,,,,,文本,,,,,,,,,,,
303,LI0000038,9a374298a7c3a7aa95052f4abc6055bc536bda057d12e567b8259ba341bd108f,Yes,入院记录,东肝,治疗与操作,治疗开始时间,TREAT_START_TIME,特定治疗方案启动的时间点。,Treatment Start Time,,,,,临床研究通用数据元素集(CRCDE),数据元标准,CCDE.99.00.0000559.01.01,东肝,抗病毒治疗开始时间,,SI1114987,上海东方肝胆医院院级临床研究数据集:ZB_KBDZLKSSJ,,,,,日期/时间,,,,,yyyy-MM-dd,,,,,,
306,LI0000039,3f3a0885dad08f08ac1640ddcc706d44f7881e0ce832f35dacf8593eb3fe881e,Yes,入院记录,东肝,治疗与操作,治疗停止时间,TREAT_END_TIME,特定治疗方案结束的时间点。,Treatment End Time,,,,,临床研究通用数据元素集(CRCDE),数据元标准,CCDE.99.00.0000560.01.01,东肝,抗病毒治疗停止时间,,SI1114988,上海东方肝胆医院院级临床研究数据集:ZB_KBDZLTZSJ,,,,,日期/时间,,,,,yyyy-MM-dd,,,,,,
309,LI0000040,ef6b38103a9710cfe8560be5b4b7990848d2bf043bb14032aee720afc1414af2,Yes,入院记录,东肝,治疗与操作,术前操作治疗,PRE_TREATMENT,手术之前采用的治疗方法。,Preoperative Treatment Methods,术前治疗方式,东肝-肝癌,,,临床研究通用数据元素集(CRCDE),数据元标准,CCDE.99.00.0000565.01.01,东肝,术前治疗_其他治疗,,SI1114993,上海东方肝胆医院院级临床研究数据集:ZB_SQZL_QTZL,,,,,文本,200,,,,,,,,,,
312,LI0000040,ef6b38103a9710cfe8560be5b4b7990848d2bf043bb14032aee720afc1414af2,Yes,入院记录,东肝,治疗与操作,术前操作治疗,PRE_TREATMENT,手术之前采用的治疗方法。,Preoperative Treatment Methods,术前治疗方式,东肝-肝癌,,,临床研究通用数据元素集(CRCDE),数据元标准,CCDE.99.00.0000564.01.01,东肝,术前治疗,,SI1114992,上海东方肝胆医院院级临床研究数据集:ZB_SQZL,,,,,枚举,,,,,,0=无；1=PEIT（酒精注射消融）；2=TACE/TAE（经动脉化疗栓塞）；3=PRFA（经皮射频消融）；4=PTCD（经皮肝穿刺胆道引流）；5=PVE（门静脉栓塞）；6=伽马刀,否,,,,
340,LI0000044,4bf5c7a865d87596abf1bd8b9bf65deb7fcde1256230c1118f89a75cf4148848,Yes,入院记录,东肝,分段,输血史,HBT,记录是否曾经接受过输血及其相关信息。,History of Blood Transfusion,,,,,临床研究通用数据元素集(CRCDE),数据元标准,CCDE.03.11.0000005.01.01,卫健委;九院;东肝,输血史,患者既往输血史的详细描述,SI1107109,WS 372.1-2012:DE06.00.106.00;UDE数据标准:UDE0075314;上海东方肝胆医院院级临床研究数据集:SXSMS;合肥肿瘤医院院级临床研究数据集:SXSMS,,,,,文本,1000,,,,,,,,,,
344,LI0000045,b3f72398b3e149941281e69f16d0abbc808701a931f608277298450fa336f3d6,Yes,入院记录,东肝,分段,主诉,CC,患者前来就医时的主要不适或问题。,Chief Complaint,,,,,临床研究通用数据元素集(CRCDE),数据元标准,CCDE.05.00.0000299.01.01,卫健委,主诉,孕妇向医师描述的对自身本次随访的相关感受的主要记录,SI1106783,WS/T 500.1-2016:DE04.01.119.00;UDE数据标准:UDE0075542;上海东方肝胆医院院级临床研究数据集:ZB_ZS_QT,,,,,文本,100,,,,,,,,,,
353,LI0000047,49224617c75f2d5f4391e1004c72fbce9dfbd709f37674b865319e3d100f05a0,Yes,"入院记录,现病史","东肝,九院",分段,手术史,SURG_HIST,以前是否进行过任何手术及其相关信息。,Surgical History,,,,,临床研究通用数据元素集(CRCDE),数据元标准,CCDE.03.10.0000005.01.01,九院,既往手术史,,SI1105442,上海九院临床研究数据元素集:SSS;中山大学附属第七医院临床研究数据集;上海东方肝胆医院院级临床研究数据集:SSS;合肥肿瘤医院院级临床研究数据集:SSS,,,,,文本,100,,,,,,,,,,
358,LI0000048,618bb3f038a720a2bfb331b0de7248a09f4483c8c3119f9822edd3a45f7bf03d,Yes,日常病程,东肝,分段,文书标题,DOC_TITLE,电子病历日常病程文书的标题，含治疗操作记录、查房记录、术后首次病程等,Document Title,,,,,临床研究通用数据元素集(CRCDE),数据元标准,CCDE.99.00.0000600.01.01,东肝,文书类型,,SI1115028,上海东方肝胆医院院级临床研究数据集:ZB_TYPE,,,,,枚举,,,,,,0=手术文书；2=病程记录；3=输血记录；4=术后首次病程；5=转入转出记录,否,,,,
360,LI0000048,618bb3f038a720a2bfb331b0de7248a09f4483c8c3119f9822edd3a45f7bf03d,Yes,日常病程,东肝,分段,文书标题,DOC_TITLE,电子病历日常病程文书的标题，含治疗操作记录、查房记录、术后首次病程等,Document Title,,,,,临床研究通用数据元素集(CRCDE),数据元标准,CCDE.99.00.0000599.01.01,东肝,文书标题,,SI1115027,上海东方肝胆医院院级临床研究数据集:ZB_TITLE,,,,,文本,,,,,,,,,,,
367,LI0000050,fdf60ba332415b31ec8d220122c39c970b7af49f557a4d6067df843ad7149c28,Yes,病理检查,东肝,检查与检测,染色项目及结果,STAIN_PANEL,用于诊断的各种特殊染色的结果，如Masson、AB、网染等。,Staining Panel ,,,,,临床研究通用数据元素集(CRCDE),数据元标准,CCDE.99.00.0000471.01.01,东肝,术后病理_masson染色,,SI1114896,上海东方肝胆医院院级临床研究数据集:ZB_SHBL_MASSONRS,,,,,枚举,,,,,,0=阴性；1=阳性,否,,,,
371,LI0000050,fdf60ba332415b31ec8d220122c39c970b7af49f557a4d6067df843ad7149c28,Yes,病理检查,东肝,检查与检测,染色项目及结果,STAIN_PANEL,用于诊断的各种特殊染色的结果，如Masson、AB、网染等。,Staining Panel ,,,,,临床研究通用数据元素集(CRCDE),数据元标准,CCDE.99.00.0000490.01.01,东肝,术后病理_网染,,SI1114915,上海东方肝胆医院院级临床研究数据集:ZB_SHBL_WR,,,,,枚举,,,,,,0=阴性；1=阳性,否,,,,
380,LI0000050,fdf60ba332415b31ec8d220122c39c970b7af49f557a4d6067df843ad7149c28,Yes,病理检查,东肝,检查与检测,染色项目及结果,STAIN_PANEL,用于诊断的各种特殊染色的结果，如Masson、AB、网染等。,Staining Panel ,,,,,临床研究通用数据元素集(CRCDE),数据元标准,CCDE.99.00.0000446.01.01,东肝,术后病理_AB染色,,SI1114871,上海东方肝胆医院院级临床研究数据集:ZB_SHBL_ABRS,,,,,枚举,,,,,,0=阴性；1=阳性,否,,,,
384,LI0000050,fdf60ba332415b31ec8d220122c39c970b7af49f557a4d6067df843ad7149c28,Yes,病理检查,东肝,检查与检测,染色项目及结果,STAIN_PANEL,用于诊断的各种特殊染色的结果，如Masson、AB、网染等。,Staining Panel ,,,,,临床研究通用数据元素集(CRCDE),数据元标准,CCDE.99.00.0000489.01.01,东肝,术后病理_VG染色,,SI1114914,上海东方肝胆医院院级临床研究数据集:ZB_SHBL_VGRS,,,,,枚举,,,,,,0=阴性；1=阳性,否,,,,
388,LI0000051,cea76c2b9a65eef64bfe8223e11df1365c27f71279253a1421c6e988d8409f7b,Yes,"病理诊断,病理检查","东肝,九院",检查与检测,免疫组化项目及结果,IHC_PANEL,使用免疫组化技术检测的不同生物标记物的结果。,Immunohistochemistry (IHC) Panel,"P16, HPV",,,,临床研究通用数据元素集(CRCDE),数据元标准,CCDE.99.00.0000475.01.01,东肝,术后病理_P27,,SI1114900,上海东方肝胆医院院级临床研究数据集:ZB_SHBL_P27,,,,,枚举,,,,,,0=阴性；1=阳性,否,,,,
394,LI0000051,cea76c2b9a65eef64bfe8223e11df1365c27f71279253a1421c6e988d8409f7b,Yes,"病理诊断,病理检查","东肝,九院",检查与检测,免疫组化项目及结果,IHC_PANEL,使用免疫组化技术检测的不同生物标记物的结果。,Immunohistochemistry (IHC) Panel,"P16, HPV",,,,临床研究通用数据元素集(CRCDE),数据元标准,CCDE.99.00.0000462.01.01,东肝,术后病理_Gly-3,,SI1114887,上海东方肝胆医院院级临床研究数据集:ZB_SHBL_GLY3,,,,,枚举,,,,,,0=阴性；1=阳性,否,,,,
399,LI0000051,cea76c2b9a65eef64bfe8223e11df1365c27f71279253a1421c6e988d8409f7b,Yes,"病理诊断,病理检查","东肝,九院",检查与检测,免疫组化项目及结果,IHC_PANEL,使用免疫组化技术检测的不同生物标记物的结果。,Immunohistochemistry (IHC) Panel,"P16, HPV",,,,临床研究通用数据元素集(CRCDE),数据元标准,CCDE.99.00.0000487.01.01,东肝,术后病理_TFF3,,SI1114912,上海东方肝胆医院院级临床研究数据集:ZB_SHBL_TFF3,,,,,枚举,,,,,,0=阴性；1=阳性,否,,,,
404,LI0000051,cea76c2b9a65eef64bfe8223e11df1365c27f71279253a1421c6e988d8409f7b,Yes,"病理诊断,病理检查","东肝,九院",检查与检测,免疫组化项目及结果,IHC_PANEL,使用免疫组化技术检测的不同生物标记物的结果。,Immunohistochemistry (IHC) Panel,"P16, HPV",,,,临床研究通用数据元素集(CRCDE),数据元标准,CCDE.99.00.0000472.01.01,东肝,术后病理_MUC-1,,SI1114897,上海东方肝胆医院院级临床研究数据集:ZB_SHBL_MUC1,,,,,枚举,,,,,,0=阴性；1=阳性,否,,,,
409,LI0000051,cea76c2b9a65eef64bfe8223e11df1365c27f71279253a1421c6e988d8409f7b,Yes,"病理诊断,病理检查","东肝,九院",检查与检测,免疫组化项目及结果,IHC_PANEL,使用免疫组化技术检测的不同生物标记物的结果。,Immunohistochemistry (IHC) Panel,"P16, HPV",,,,临床研究通用数据元素集(CRCDE),数据元标准,CCDE.99.00.0000473.01.01,东肝,术后病理_MUC-5AC,,SI1114898,上海东方肝胆医院院级临床研究数据集:ZB_SHBL_MUC5AC,,,,,枚举,,,,,,0=阴性；1=阳性,否,,,,
414,LI0000051,cea76c2b9a65eef64bfe8223e11df1365c27f71279253a1421c6e988d8409f7b,Yes,"病理诊断,病理检查","东肝,九院",检查与检测,免疫组化项目及结果,IHC_PANEL,使用免疫组化技术检测的不同生物标记物的结果。,Immunohistochemistry (IHC) Panel,"P16, HPV",,,,临床研究通用数据元素集(CRCDE),数据元标准,CCDE.99.00.0000454.01.01,东肝,术后病理_CK8,,SI1114879,上海东方肝胆医院院级临床研究数据集:ZB_SHBL_CK8,,,,,枚举,,,,,,0=阴性；1=阳性,否,,,,
419,LI0000051,cea76c2b9a65eef64bfe8223e11df1365c27f71279253a1421c6e988d8409f7b,Yes,"病理诊断,病理检查","东肝,九院",检查与检测,免疫组化项目及结果,IHC_PANEL,使用免疫组化技术检测的不同生物标记物的结果。,Immunohistochemistry (IHC) Panel,"P16, HPV",,,,临床研究通用数据元素集(CRCDE),数据元标准,CCDE.07.00.0000812.01.01,上海东方肝胆医院院级临床研究数据集,免疫组化_CD56,,SI1121959,上海东方肝胆医院院级临床研究数据集:ZB_FFHZCSS_MYZH_CD56,,,,,枚举,,,,,,0=阴性；1=阳性,否,,,,
423,LI0000051,cea76c2b9a65eef64bfe8223e11df1365c27f71279253a1421c6e988d8409f7b,Yes,"病理诊断,病理检查","东肝,九院",检查与检测,免疫组化项目及结果,IHC_PANEL,使用免疫组化技术检测的不同生物标记物的结果。,Immunohistochemistry (IHC) Panel,"P16, HPV",,,,临床研究通用数据元素集(CRCDE),数据元标准,CCDE.99.00.0000459.01.01,东肝,术后病理_Fibrinogen,,SI1114884,上海东方肝胆医院院级临床研究数据集:ZB_SHBL_FIBRINOGEN,,,,,枚举,,,,,,0=阴性；1=阳性,否,,,,
428,LI0000051,cea76c2b9a65eef64bfe8223e11df1365c27f71279253a1421c6e988d8409f7b,Yes,"病理诊断,病理检查","东肝,九院",检查与检测,免疫组化项目及结果,IHC_PANEL,使用免疫组化技术检测的不同生物标记物的结果。,Immunohistochemistry (IHC) Panel,"P16, HPV",,,,临床研究通用数据元素集(CRCDE),数据元标准,CCDE.08.00.0004068.01.01,九院;东肝,甲胎蛋白定性,,SI1113037,上海东方肝胆医院院级临床研究数据集:AFPDX;上海九院临床研究数据元素集:AFPDX,,,,,枚举,,,,,,0=阴性；1=阳性,否,,,,
434,LI0000051,cea76c2b9a65eef64bfe8223e11df1365c27f71279253a1421c6e988d8409f7b,Yes,"病理诊断,病理检查","东肝,九院",检查与检测,免疫组化项目及结果,IHC_PANEL,使用免疫组化技术检测的不同生物标记物的结果。,Immunohistochemistry (IHC) Panel,"P16, HPV",,,,临床研究通用数据元素集(CRCDE),数据元标准,CCDE.08.00.0003088.01.01,中山七院,CA19-9,,SI1109921,上海东方肝胆医院院级临床研究数据集:ZB_FFHZCSS_MYZH_CA199,,,,,枚举,,,,,,0=阴性；1=阳性,,,,,
442,LI0000051,cea76c2b9a65eef64bfe8223e11df1365c27f71279253a1421c6e988d8409f7b,Yes,"病理诊断,病理检查","东肝,九院",检查与检测,免疫组化项目及结果,IHC_PANEL,使用免疫组化技术检测的不同生物标记物的结果。,Immunohistochemistry (IHC) Panel,"P16, HPV",,,,临床研究通用数据元素集(CRCDE),数据元标准,CCDE.07.00.0000817.01.01,上海东方肝胆医院院级临床研究数据集,术后病理_PCEA,,SI1121964,上海东方肝胆医院院级临床研究数据集:ZB_SHBL_PCEA,,,,,枚举,,,,,,0=阴性；1=阳性,否,,,,
446,LI0000051,cea76c2b9a65eef64bfe8223e11df1365c27f71279253a1421c6e988d8409f7b,Yes,"病理诊断,病理检查","东肝,九院",检查与检测,免疫组化项目及结果,IHC_PANEL,使用免疫组化技术检测的不同生物标记物的结果。,Immunohistochemistry (IHC) Panel,"P16, HPV",,,,临床研究通用数据元素集(CRCDE),数据元标准,CCDE.99.00.0000456.01.01,东肝,术后病理_D2-40,,SI1114881,上海东方肝胆医院院级临床研究数据集:ZB_SHBL_D240,,,,,枚举,,,,,,0=阴性；1=阳性,否,,,,
451,LI0000051,cea76c2b9a65eef64bfe8223e11df1365c27f71279253a1421c6e988d8409f7b,Yes,"病理诊断,病理检查","东肝,九院",检查与检测,免疫组化项目及结果,IHC_PANEL,使用免疫组化技术检测的不同生物标记物的结果。,Immunohistochemistry (IHC) Panel,"P16, HPV",,,,临床研究通用数据元素集(CRCDE),数据元标准,CCDE.99.00.0000488.01.01,东肝,术后病理_VEGF,,SI1114913,上海东方肝胆医院院级临床研究数据集:ZB_SHBL_VEGF,,,,,枚举,,,,,,0=阴性；1=阳性,否,,,,
456,LI0000051,cea76c2b9a65eef64bfe8223e11df1365c27f71279253a1421c6e988d8409f7b,Yes,"病理诊断,病理检查","东肝,九院",检查与检测,免疫组化项目及结果,IHC_PANEL,使用免疫组化技术检测的不同生物标记物的结果。,Immunohistochemistry (IHC) Panel,"P16, HPV",,,,临床研究通用数据元素集(CRCDE),数据元标准,CCDE.99.00.0000453.01.01,东肝,术后病理_CK20,,SI1114878,上海东方肝胆医院院级临床研究数据集:ZB_SHBL_CK20,,,,,枚举,,,,,,0=阴性；1=阳性,否,,,,
461,LI0000051,cea76c2b9a65eef64bfe8223e11df1365c27f71279253a1421c6e988d8409f7b,Yes,"病理诊断,病理检查","东肝,九院",检查与检测,免疫组化项目及结果,IHC_PANEL,使用免疫组化技术检测的不同生物标记物的结果。,Immunohistochemistry (IHC) Panel,"P16, HPV",,,,临床研究通用数据元素集(CRCDE),数据元标准,CCDE.99.00.0000451.01.01,东肝,术后病理_CK18,,SI1114876,上海东方肝胆医院院级临床研究数据集:ZB_SHBL_CK18,,,,,枚举,,,,,,0=阴性；1=阳性,否,,,,
466,LI0000051,cea76c2b9a65eef64bfe8223e11df1365c27f71279253a1421c6e988d8409f7b,Yes,"病理诊断,病理检查","东肝,九院",检查与检测,免疫组化项目及结果,IHC_PANEL,使用免疫组化技术检测的不同生物标记物的结果。,Immunohistochemistry (IHC) Panel,"P16, HPV",,,,临床研究通用数据元素集(CRCDE),数据元标准,CCDE.07.00.0000820.01.01,上海东方肝胆医院院级临床研究数据集,免疫组化_CD117,,SI1121967,上海东方肝胆医院院级临床研究数据集:ZB_FFHZCSS_MYZH_CD117,,,,,枚举,,,,,,0=阴性；1=阳性,否,,,,
470,LI0000051,cea76c2b9a65eef64bfe8223e11df1365c27f71279253a1421c6e988d8409f7b,Yes,"病理诊断,病理检查","东肝,九院",检查与检测,免疫组化项目及结果,IHC_PANEL,使用免疫组化技术检测的不同生物标记物的结果。,Immunohistochemistry (IHC) Panel,"P16, HPV",,,,临床研究通用数据元素集(CRCDE),数据元标准,CCDE.99.00.0000478.01.01,东肝,术后病理_PCNA,,SI1114903,上海东方肝胆医院院级临床研究数据集:ZB_SHBL_PCNA,,,,,枚举,,,,,,0=阴性；1=阳性,否,,,,
475,LI0000051,cea76c2b9a65eef64bfe8223e11df1365c27f71279253a1421c6e988d8409f7b,Yes,"病理诊断,病理检查","东肝,九院",检查与检测,免疫组化项目及结果,IHC_PANEL,使用免疫组化技术检测的不同生物标记物的结果。,Immunohistochemistry (IHC) Panel,"P16, HPV",,,,临床研究通用数据元素集(CRCDE),数据元标准,CCDE.99.00.0000469.01.01,东肝,术后病理_Ki-67,,SI1114894,上海东方肝胆医院院级临床研究数据集:ZB_SHBL_KI67,,,,,枚举,,,,,,0=阴性；1=阳性,否,,,,
480,LI0000051,cea76c2b9a65eef64bfe8223e11df1365c27f71279253a1421c6e988d8409f7b,Yes,"病理诊断,病理检查","东肝,九院",检查与检测,免疫组化项目及结果,IHC_PANEL,使用免疫组化技术检测的不同生物标记物的结果。,Immunohistochemistry (IHC) Panel,"P16, HPV",,,,临床研究通用数据元素集(CRCDE),数据元标准,CCDE.99.00.0000467.01.01,东肝,术后病理_HER-2,,SI1114892,上海东方肝胆医院院级临床研究数据集:ZB_SHBL_HER2,,,,,枚举,,,,,,0=阴性；1=阳性,否,,,,
485,LI0000051,cea76c2b9a65eef64bfe8223e11df1365c27f71279253a1421c6e988d8409f7b,Yes,"病理诊断,病理检查","东肝,九院",检查与检测,免疫组化项目及结果,IHC_PANEL,使用免疫组化技术检测的不同生物标记物的结果。,Immunohistochemistry (IHC) Panel,"P16, HPV",,,,临床研究通用数据元素集(CRCDE),数据元标准,CCDE.99.00.0000474.01.01,东肝,术后病理_免疫组化其它,,SI1114899,上海东方肝胆医院院级临床研究数据集:ZB_SHBL_MYZHQT,,,,,文本,200,,,,,,,,,,
488,LI0000051,cea76c2b9a65eef64bfe8223e11df1365c27f71279253a1421c6e988d8409f7b,Yes,"病理诊断,病理检查","东肝,九院",检查与检测,免疫组化项目及结果,IHC_PANEL,使用免疫组化技术检测的不同生物标记物的结果。,Immunohistochemistry (IHC) Panel,"P16, HPV",,,,临床研究通用数据元素集(CRCDE),数据元标准,CCDE.07.00.0000824.01.01,上海东方肝胆医院院级临床研究数据集,免疫组化_CD105,,SI1121971,上海东方肝胆医院院级临床研究数据集:ZB_FFHZCSS_MYZH_CD105,,,,,枚举,,,,,,0=阴性；1=阳性,否,,,,
492,LI0000051,cea76c2b9a65eef64bfe8223e11df1365c27f71279253a1421c6e988d8409f7b,Yes,"病理诊断,病理检查","东肝,九院",检查与检测,免疫组化项目及结果,IHC_PANEL,使用免疫组化技术检测的不同生物标记物的结果。,Immunohistochemistry (IHC) Panel,"P16, HPV",,,,临床研究通用数据元素集(CRCDE),数据元标准,CCDE.99.00.0000452.01.01,东肝,术后病理_CK19,,SI1114877,上海东方肝胆医院院级临床研究数据集:ZB_SHBL_CK19,,,,,枚举,,,,,,0=阴性；1=阳性,否,,,,
497,LI0000051,cea76c2b9a65eef64bfe8223e11df1365c27f71279253a1421c6e988d8409f7b,Yes,"病理诊断,病理检查","东肝,九院",检查与检测,免疫组化项目及结果,IHC_PANEL,使用免疫组化技术检测的不同生物标记物的结果。,Immunohistochemistry (IHC) Panel,"P16, HPV",,,,临床研究通用数据元素集(CRCDE),数据元标准,CCDE.99.00.0000466.01.01,东肝,术后病理_Hep-1,,SI1114891,上海东方肝胆医院院级临床研究数据集:ZB_SHBL_HEP1,,,,,枚举,,,,,,0=阴性；1=阳性,否,,,,
502,LI0000051,cea76c2b9a65eef64bfe8223e11df1365c27f71279253a1421c6e988d8409f7b,Yes,"病理诊断,病理检查","东肝,九院",检查与检测,免疫组化项目及结果,IHC_PANEL,使用免疫组化技术检测的不同生物标记物的结果。,Immunohistochemistry (IHC) Panel,"P16, HPV",,,,临床研究通用数据元素集(CRCDE),数据元标准,CCDE.99.00.0000447.01.01,东肝,术后病理_AQP-1,,SI1114872,上海东方肝胆医院院级临床研究数据集:ZB_SHBL_AQP1,,,,,枚举,,,,,,0=阴性；1=阳性,否,,,,
507,LI0000051,cea76c2b9a65eef64bfe8223e11df1365c27f71279253a1421c6e988d8409f7b,Yes,"病理诊断,病理检查","东肝,九院",检查与检测,免疫组化项目及结果,IHC_PANEL,使用免疫组化技术检测的不同生物标记物的结果。,Immunohistochemistry (IHC) Panel,"P16, HPV",,,,临床研究通用数据元素集(CRCDE),数据元标准,CCDE.07.00.0000811.01.01,上海东方肝胆医院院级临床研究数据集,术后病理_HbsAg,,SI1121958,上海东方肝胆医院院级临床研究数据集:ZB_SHBL_HBSAG,,,,,枚举,,,,,,0=阴性；1=阳性,否,,,,
511,LI0000051,cea76c2b9a65eef64bfe8223e11df1365c27f71279253a1421c6e988d8409f7b,Yes,"病理诊断,病理检查","东肝,九院",检查与检测,免疫组化项目及结果,IHC_PANEL,使用免疫组化技术检测的不同生物标记物的结果。,Immunohistochemistry (IHC) Panel,"P16, HPV",,,,临床研究通用数据元素集(CRCDE),数据元标准,CCDE.99.00.0000448.01.01,东肝,术后病理_B-catenin,,SI1114873,上海东方肝胆医院院级临床研究数据集:ZB_SHBL_BCATENIN,,,,,枚举,,,,,,0=阴性；1=阳性,否,,,,
521,LI0000051,cea76c2b9a65eef64bfe8223e11df1365c27f71279253a1421c6e988d8409f7b,Yes,"病理诊断,病理检查","东肝,九院",检查与检测,免疫组化项目及结果,IHC_PANEL,使用免疫组化技术检测的不同生物标记物的结果。,Immunohistochemistry (IHC) Panel,"P16, HPV",,,,临床研究通用数据元素集(CRCDE),数据元标准,CCDE.07.00.0000826.01.01,上海东方肝胆医院院级临床研究数据集,免疫组化_CD34,,SI1121973,上海东方肝胆医院院级临床研究数据集:ZB_FFHZCSS_MYZH_CD34,,,,,枚举,,,,,,0=阴性；1=阳性,否,,,,
525,LI0000051,cea76c2b9a65eef64bfe8223e11df1365c27f71279253a1421c6e988d8409f7b,Yes,"病理诊断,病理检查","东肝,九院",检查与检测,免疫组化项目及结果,IHC_PANEL,使用免疫组化技术检测的不同生物标记物的结果。,Immunohistochemistry (IHC) Panel,"P16, HPV",,,,临床研究通用数据元素集(CRCDE),数据元标准,CCDE.99.00.0000455.01.01,东肝,术后病理_COX-2,,SI1114880,上海东方肝胆医院院级临床研究数据集:ZB_SHBL_COX2,,,,,枚举,,,,,,0=阴性；1=阳性,否,,,,
530,LI0000051,cea76c2b9a65eef64bfe8223e11df1365c27f71279253a1421c6e988d8409f7b,Yes,"病理诊断,病理检查","东肝,九院",检查与检测,免疫组化项目及结果,IHC_PANEL,使用免疫组化技术检测的不同生物标记物的结果。,Immunohistochemistry (IHC) Panel,"P16, HPV",,,,临床研究通用数据元素集(CRCDE),数据元标准,CCDE.99.00.0000476.01.01,东肝,术后病理_P53,,SI1114901,上海东方肝胆医院院级临床研究数据集:ZB_SHBL_P53,,,,,枚举,,,,,,0=阴性；1=阳性,否,,,,
580,LI0000063,3c863179ca21831f83d49fbb46fef4754b80e80c356250a162d8b866769ddbe9,Yes,"入院记录,个人史,现病史,既往史","东肝,胸科",个人基本信息,吸烟量,SMK_QUANTITY,个人每天平均吸烟的数量，通常用“支/天”来表示。,Smoking Quantity (per day),吸烟频率,,,,临床研究通用数据元素集(CRCDE),数据元标准,CCDE.99.00.0000355.01.01,东肝,年吸烟量,,SI1114779,上海东方肝胆医院院级临床研究数据集:ZB_MTDSZ,,,,,整数,,3,,支,,,,,,,
597,LI0000067,4a6b66464711eeeaef358fb0d14469b380163a1184a61b39cc27917b11330279,Yes,"入院记录,个人史,现病史,既往史","东肝,胸科",个人基本信息,饮酒量,ALCOHOL_QUANTITY,个人平均每周或每月饮酒的数量，可以按照标准饮品单位来衡量。,Alcohol Consumption Level,,,,,临床研究通用数据元素集(CRCDE),数据元标准,CCDE.04.04.0000058.01.01,UDE,饮酒量,,SI1119011,UDE数据标准:UDE0082509;上海东方肝胆医院院级临床研究数据集:ZB_MTYJL,,,,,整数,,5,,,,,,,,,
610,LI0000071,f34485a74a73dad236274f48bfc69bc0460225bcd24258b5ea32969bbef794d8,Yes,"入院记录,个人史,现病史,既往史","东肝,胸科",个人基本信息,饮酒标志,ALC_STAT,描述个人是否饮酒的状态。,Alcohol Status,"饮酒情况, 饮酒史",,,,临床研究通用数据元素集(CRCDE),数据元标准,CCDE.04.04.0000008.01.01,卫健委,饮酒史代码,标识脑卒中病例是否存在饮酒这项危险因素的代码,SI1104038,WS 375.1-2012:DE03.00.075.00;UDE数据标准:UDE0077086;上海东方肝胆医院院级临床研究数据集:ZB_YJS,,,1.有2.无3.不详,,枚举,,,,,,0=无；1=有,否,,,,
616,LI0000071,f34485a74a73dad236274f48bfc69bc0460225bcd24258b5ea32969bbef794d8,Yes,"入院记录,个人史,现病史,既往史","东肝,胸科",个人基本信息,饮酒标志,ALC_STAT,描述个人是否饮酒的状态。,Alcohol Status,"饮酒情况, 饮酒史",,,,临床研究通用数据元素集(CRCDE),数据元标准,CCDE.04.04.0000016.01.01,九院;东肝,饮酒史,患者个人史中关于饮酒戒酒情况的详细描述,SI1111457,UDE数据标准:UDE0082889;上海东方肝胆医院院级临床研究数据集:GRSYJS;合肥肿瘤医院院级临床研究数据集:GRSYJS;上海九院临床研究数据元素集:GRSYJS,,,,,文本,5000,,,,,,,,,,
626,LI0000072,5d2934485cec6b277ef6aad640acc84fd2048e6f75c31ade143bef3f93fb1806,Yes,入院记录,东肝,个人基本信息,饮酒类型,ALC_TYPE,饮用的主要酒类种类（如啤酒、白酒等）。,Type of Alcohol Consumed,饮酒史,,,,临床研究通用数据元素集(CRCDE),数据元标准,CCDE.04.04.0000019.01.01,,饮酒种类文本,,SI1104042,上海东方肝胆医院院级临床研究数据集:ZB_YJLX;合肥肿瘤医院院级临床研究数据集:YJZL;上海九院临床研究数据元素集:YJZL,,,,,文本,200,,,,,1=啤酒；2=红酒；3=黄酒；4=白酒,,,,,
637,LI0000074,0c68633db6e10248756c6edb0df0e2dbf47319573f3fcc849eb0f800e7545a36,Yes,"入院记录,个人史,现病史,既往史","东肝,胸科",个人基本信息,吸烟标志,SSMK_STAT,描述个人是否吸烟的状态，如从不吸烟者、现在吸烟者、曾经吸烟者等。,Smoking Status,吸烟情况,,,,临床研究通用数据元素集(CRCDE),数据元标准,CCDE.04.03.0000018.02.01,九院,是否吸烟,患者过去和现在吸烟情况的分类代码,SI1105629,合肥肿瘤医院院级临床研究数据集:SFXY;上海九院临床研究数据元素集:YWXY;上海九院临床研究数据元素集:SFXY;上海东方肝胆医院院级临床研究数据集:ZB_XYS,,,,,枚举,,,,,,0=无；1=有,否,,,,
651,LI0000074,0c68633db6e10248756c6edb0df0e2dbf47319573f3fcc849eb0f800e7545a36,Yes,"入院记录,个人史,现病史,既往史","东肝,胸科",个人基本信息,吸烟标志,SSMK_STAT,描述个人是否吸烟的状态，如从不吸烟者、现在吸烟者、曾经吸烟者等。,Smoking Status,吸烟情况,,,,临床研究通用数据元素集(CRCDE),数据元标准,CCDE.04.03.0000023.01.01,九院;东肝,吸烟史,患者个人史中关于吸烟戒烟情况的详细描述,SI1111458,UDE数据标准:UDE0088160;上海东方肝胆医院院级临床研究数据集:GRSXYS;合肥肿瘤医院院级临床研究数据集:GRSXYS;上海九院临床研究数据元素集:GRSXYS,,,,,文本,5000,,,,,,,,,,
659,LI0000077,e79712fd7b98651a45376163a058a009676827f2b4cb015364fe0f861c47581c,Yes,"病理,病理诊断,诊断,病理检查","东肝,九院,胸科",健康问题与诊断,切缘情况,MARGIN_STATUS,描述手术切除边缘的状态，包括是否含有癌细胞。,Margin Status,"切缘,切缘描述",,,,临床研究通用数据元素集(CRCDE),数据元标准,CCDE.99.00.0000482.01.01,东肝,术后病理_病理切缘情况,,SI1114907,上海东方肝胆医院院级临床研究数据集:ZB_SHBL_QYQK,,,,,小数,,6,2,,,,,,,,
665,LI0000077,e79712fd7b98651a45376163a058a009676827f2b4cb015364fe0f861c47581c,Yes,"病理,病理诊断,诊断,病理检查","东肝,九院,胸科",健康问题与诊断,切缘情况,MARGIN_STATUS,描述手术切除边缘的状态，包括是否含有癌细胞。,Margin Status,"切缘,切缘描述",,,,临床研究通用数据元素集(CRCDE),数据元标准,CCDE.99.00.0000463.01.01,东肝,术后病理_肝切缘侵犯,,SI1114888,上海东方肝胆医院院级临床研究数据集:ZB_SHBL_GQYQF,,,,,枚举,,,,,,0=无；1=有,否,,,,
681,LI0000082,2ac4d938222d5c00f83d56888059397b8dbcd06d7a5da45c72ab3f35650d7879,Yes,病理诊断,东肝,健康问题与诊断,卫星结节,SAT_NODULES,描述是否存在卫星结节或肝内转移灶（如微血管侵犯外的独立病灶）。,Satellite Nodules,,,,,临床研究通用数据元素集(CRCDE),数据元标准,CCDE.99.00.0000495.01.01,东肝,术后病理_子灶,,SI1114920,上海东方肝胆医院院级临床研究数据集:ZB_SHBL_ZZ,,,,,枚举,,,,,,0=无；1=有,否,,,,
685,LI0000083,65b72a2e9a83cc839cd8a9a733f58a06c4a408ea1476176984f6c8b3e1c93ea0,Yes,病理诊断,东肝,健康问题与诊断,是否多灶性生长,MULTIFOCAL_GROWTH,肿瘤周围是否存在多个微小癌灶（是/否），提示侵袭性生物学行为。,Multifocal Growth,,,,,临床研究通用数据元素集(CRCDE),数据元标准,CCDE.99.00.0000391.01.01,东肝,术后病理_癌周多灶性生长,,SI1114815,上海东方肝胆医院院级临床研究数据集:ZB_SHBL_AZDZXSZ,,,,,枚举,,,,,,0=不是；1=是,否,,,,
689,LI0000084,cd5fc685644c637f42492c5632b78de011432536fca547306349647272f7e45e,Yes,病理诊断,东肝,健康问题与诊断,包膜是否完整,CAPSULE_INTEGRITY,记录肿瘤是否形成完整包膜（完整/不完整/无包膜），完整包膜提示局限性生长。,Capsule Integrity,,,,,临床研究通用数据元素集(CRCDE),数据元标准,CCDE.99.00.0000449.01.01,东肝,术后病理_包膜,,SI1114874,上海东方肝胆医院院级临床研究数据集:ZB_SHBL_BM,,,,,枚举,,,,,,0=无；1=完整；2=不完整,否,,,,
693,LI0000085,521ff5d6f15e84b72112b217c44f5f47b62bf77b2f7bbfcb2f705d3d4a623ed7,Yes,病理诊断,东肝,健康问题与诊断,是否浸润性生长,INVASIVE_GROWTH,判断癌细胞是否侵犯周边组织。,Invasive Growth,,,,,临床研究通用数据元素集(CRCDE),数据元标准,CCDE.99.00.0000468.01.01,东肝,术后病理_浸润性生长,,SI1114893,上海东方肝胆医院院级临床研究数据集:ZB_SHBL_JRXSZ,,,,,枚举,,,,,,0=不是；1=是,否,,,,
697,LI0000086,403207f8ad4707ca2b1d6981d1b1008148550e3fd0f6f9ecb0fa1851426e5a9f,Yes,病理诊断,东肝,健康问题与诊断,卫星灶情况,SAT_LESION_STATUS,描述肝内是否存在与原发灶分离的微小卫星病灶,Satellite Lesion Status,,,,,临床研究通用数据元素集(CRCDE),数据元标准,CCDE.99.00.0000495.01.01,东肝,术后病理_子灶,,SI1114920,上海东方肝胆医院院级临床研究数据集:ZB_SHBL_ZZ,,,,,枚举,,,,,,0=无；1=有,否,,,,
701,LI0000087,66f9bec4def68ee7b00fd534172ec68dbc5baf5ec8ceddc56f59e79d61e714f8,Yes,病理诊断,东肝,健康问题与诊断,微血管侵犯标志,MVI_IND,显示癌细胞是否侵入微小血管。,Microvascular Invasion Indicator,,,,,临床研究通用数据元素集(CRCDE),数据元标准,CCDE.99.00.0000506.01.01,东肝,镜下是否可见血管侵犯,,SI1114931,上海东方肝胆医院院级临床研究数据集:ZB_XGQF3,,,,,枚举,,,,,,0=无；1=有,否,,,,
703,LI0000088,df3db06fec7322c2b7196d35033304f75bdc6094350f06705a5d4924d6886f61,Yes,病理诊断,东肝,健康问题与诊断,MVI分级,MVI_GRADE,微血管侵犯的程度分级。,Microvascular Invasion Grading,,,,,临床研究通用数据元素集(CRCDE),数据元标准,CCDE.99.00.0000492.01.01,东肝,术后病理_血管侵犯,,SI1114917,上海东方肝胆医院院级临床研究数据集:ZB_SHBL_XGQF,,,,,枚举,,,,,,0=无（即MVI：0）；1=（MVI：1）；2=（MVI：2）,否,,,,
707,LI0000089,addcf0e8dc677bfff5966350f369d2a64bc5d7e020991e85d9be32a07a7f7512,Yes,病理诊断,东肝,健康问题与诊断,侵犯数量,INV_COUNT,微血管侵犯的数量。,Number of Invasions,,东肝-肝癌,,,临床研究通用数据元素集(CRCDE),数据元标准,CCDE.99.00.0000506.01.01,东肝,镜下是否可见血管侵犯,,SI1114931,上海东方肝胆医院院级临床研究数据集:ZB_XGQF3,,,,,枚举,,,,,,0=无；1=有,否,,,,
709,LI0000089,addcf0e8dc677bfff5966350f369d2a64bc5d7e020991e85d9be32a07a7f7512,Yes,病理诊断,东肝,健康问题与诊断,侵犯数量,INV_COUNT,微血管侵犯的数量。,Number of Invasions,,东肝-肝癌,,,临床研究通用数据元素集(CRCDE),数据元标准,CCDE.10.00.0000957.01.01,九院;东肝,血管侵犯,,SI1112467,上海东方肝胆医院院级临床研究数据集:ZB_XGQF1;上海九院临床研究数据元素集:XGQF,,,,,枚举,,,,,,0=无；1=有,否,,,,
713,LI0000092,c7849a7c295871a60cb65e34cb1b1af400ef62b179990d17120b3217cf09c66f,Yes,病理诊断,东肝,健康问题与诊断,切缘距离,MARGIN_DISTANCE,测量最近的癌细胞到手术切除边缘的距离。,Margin Distance,,东肝-肝癌,,,临床研究通用数据元素集(CRCDE),数据元标准,CCDE.99.00.0000483.01.01,东肝,术后病理_切缘最小宽度,,SI1114908,上海东方肝胆医院院级临床研究数据集:ZB_SHBL_QYZXKD,,,,,小数,,6,2,,,,,,,,
718,LI0000093,5f225e2064536d47b370b768a08788b245a935321cc105efafca4f66686eb396,Yes,手术记录,东肝,健康问题与诊断,胆管癌栓标志,BDCT_IND,标识是否存在胆管癌栓。,Bile Duct Carcinoma Thrombus Indicator,,,,,临床研究通用数据元素集(CRCDE),数据元标准,CCDE.99.00.0000416.01.01,东肝,胆管内癌栓,,SI1114840,上海东方肝胆医院院级临床研究数据集:ZB_DGNAS,,,,,枚举,,,,,,0=无；1=有,否,,,,
722,LI0000097,336129192e83d17160e8a718d17049984ce12acd3ee8c0662f0250ab218ab7b0,Yes,"手术记录,检查",东肝,健康问题与诊断,血管癌栓标志,VCT_IND,标识是否存在血管癌栓。,Vascular Carcinoma Thrombus Indicator,,,,,临床研究通用数据元素集(CRCDE),数据元标准,CCDE.99.00.0000344.01.01,东肝,肝静脉癌栓部位,,SI1114768,上海东方肝胆医院院级临床研究数据集:ZB_SZSJ_GJMAS,,,,,枚举,,,,,,0=无；2=左支；3=右支；4=主干,否,,,,
729,LI0000097,336129192e83d17160e8a718d17049984ce12acd3ee8c0662f0250ab218ab7b0,Yes,"手术记录,检查",东肝,健康问题与诊断,血管癌栓标志,VCT_IND,标识是否存在血管癌栓。,Vascular Carcinoma Thrombus Indicator,,,,,临床研究通用数据元素集(CRCDE),数据元标准,CCDE.07.00.0000814.01.01,上海东方肝胆医院院级临床研究数据集,门脉癌栓位置,,SI1121961,上海东方肝胆医院院级临床研究数据集:ZB_SZSJ_MMAS,,,,,枚举,,,,,,0=无；2=左支；3=右支；4=主干,否,,,,
738,LI0000097,336129192e83d17160e8a718d17049984ce12acd3ee8c0662f0250ab218ab7b0,Yes,"手术记录,检查",东肝,健康问题与诊断,血管癌栓标志,VCT_IND,标识是否存在血管癌栓。,Vascular Carcinoma Thrombus Indicator,,,,,临床研究通用数据元素集(CRCDE),数据元标准,CCDE.99.00.0000347.01.01,东肝,腔静脉癌栓,,SI1114771,上海东方肝胆医院院级临床研究数据集:ZB_SHFF_QJMAS,,,,,枚举,,,,,,0=无；1=有,否,,,,
745,LI0000098,3017c5660a2fd383f0134dfc64d49fdbdf68af0223eb1fbb67d2f6343e5ba757,Yes,"入院记录,现病史","东肝,九院",健康问题与诊断,复发,RECURRENCE,是否经历了癌症复发的情况。,Recurrence,"肿瘤病灶性质, 肝癌复发",,,,临床研究通用数据元素集(CRCDE),数据元标准,CCDE.99.00.0000402.01.01,东肝,是否肝癌复发,,SI1114826,上海东方肝胆医院院级临床研究数据集:ZB_GAFF,,,,,枚举,,,,,,0=否；1=是,,,,,
748,LI0000100,09d153e3ddc6daa77365893c80486677989649ea1fe3105ac240472a597678ee,Yes,入院记录,东肝,健康问题与诊断,复发来源,REC_ORIGIN,复发的癌症是原发灶还是转移而来的。,Recurrence Origin,肝癌复发来源,,,,临床研究通用数据元素集(CRCDE),数据元标准,CCDE.10.00.0000586.01.01,九院;东肝,术后是否复发,评估患者接受手术治疗后疾病是否再次复发,SI1111965,上海东方肝胆医院院级临床研究数据集:ZB_SHFF_ZS;上海东方肝胆医院院级临床研究数据集:ZB_SHCLQK_FFYF;上海九院临床研究数据元素集:SHSFFF,,,,,枚举,,,,,,"0=B超；1=CT；2=MRI；3=DSA；4=PET；5=CA19；,6=其他",否,,,,
755,LI0000102,33cd90ed1a438eb02c93457941ea8b0d8809ae10c4ce3d53f35a8f59fea5a90f,Yes,日常病程,东肝,健康问题与诊断,并发症治疗方式,COMP_TREATMENT,描述对患者实施的并发症治疗具体方式及内容,Complication Treatment Methods,,,,,临床研究通用数据元素集(CRCDE),数据元标准,CCDE.99.00.0000579.01.01,东肝,并发症具体治疗方式及内容,,SI1115007,上海东方肝胆医院院级临床研究数据集:ZB_BFZJTZLFSJNR,,,,,文本,5000,,,,,,,,,,
759,LI0000102,33cd90ed1a438eb02c93457941ea8b0d8809ae10c4ce3d53f35a8f59fea5a90f,Yes,日常病程,东肝,健康问题与诊断,并发症治疗方式,COMP_TREATMENT,描述对患者实施的并发症治疗具体方式及内容,Complication Treatment Methods,,,,,临床研究通用数据元素集(CRCDE),数据元标准,CCDE.99.00.0000580.01.01,东肝,术后并发症_并发症治疗,,SI1115008,上海东方肝胆医院院级临床研究数据集:ZB_SHBFZ_BFZZL,,,,,枚举,,,,,,0=无；1=有,否,,,,
766,LI0000103,381ef09ef8cae52562ef9993db4932e74a675ca3aa68a4392aca99d055ba227f,Yes,"影像检查,入院记录","东肝,九院",检查与检测,辅助检查类型,ANC_EXAM_TYPE,为确诊或评估病情所做的各种医学检查的类型。,Ancillary Examination Type,影像检查类型,,,,临床研究通用数据元素集(CRCDE),数据元标准,CCDE.99.00.0000498.01.01,东肝,检查报告的检查类型,,SI1114923,上海东方肝胆医院院级临床研究数据集:ZB_JCLX,,,,,枚举,,,,,,0=CT；1=PET；2=MRI；3=B超；4=介入治疗；5=胃镜；6=其他,否,,,,
775,LI0000104,687dcdf2260b6d64bd122a293fb15042abb905ae32ab88145125d7ff55e7322e,Yes,"入院记录,现病史","东肝,胸科",检查与检测,检查日期,EXAM_DATE,进行上述辅助检查的具体日期。,Examination Date,,,,,临床研究通用数据元素集(CRCDE),数据元标准,CCDE.99.00.0000501.01.01,东肝,辅助检查日期,,SI1114926,上海东方肝胆医院院级临床研究数据集:ZB_FZJCRQ,,,,,日期/时间,,,,,yyyy-MM-dd,,,,,,
805,LI0000105,c2350bda1cc4ebadc64224ea4ef587be2f5bec64505a2c0751857fc2a96ae08f,Yes,入院记录,东肝,检查与检测,辅助检查结果,ANC_EXAM_RESULT,上述检查的结果总结。,Ancillary Examination Result,,,,,临床研究通用数据元素集(CRCDE),数据元标准,CCDE.07.01.0000042.01.01,卫健委;东肝,辅助检查结果,受检者辅助检查结果的详细描述,SI1103117,WS 376.1-2013:DE04.30.009.00;UDE数据标准:UDE0075852;上海东方肝胆医院院级临床研究数据集:FZJCQK;合肥肿瘤医院院级临床研究数据集:FZJCQK;上海九院临床研究数据元素集:FZJCQK;上海东方肝胆医院院级临床研究数据集:ZB_FZJCJG,,,,,文本,100,,,,,,,,,,
821,LI0000108,a6a1dc156ab18f5431e016af2e1abb736e88314ecd2a2cfec1e14ccd0b4fb523,Yes,病理诊断,东肝,检查与检测,标本大小,SPEC_SIZE,指病理标本在不同维度上的尺寸，通常包括横径和纵径。,Specimen Size,,,,,临床研究通用数据元素集(CRCDE),数据元标准,CCDE.99.00.0000480.01.01,东肝,切除肝脏总大小纵径,,SI1114905,上海东方肝胆医院院级临床研究数据集:ZB_SHBL_QCGZZDXZJ,,,,,小数,,6,2,,,,,,,,
826,LI0000108,a6a1dc156ab18f5431e016af2e1abb736e88314ecd2a2cfec1e14ccd0b4fb523,Yes,病理诊断,东肝,检查与检测,标本大小,SPEC_SIZE,指病理标本在不同维度上的尺寸，通常包括横径和纵径。,Specimen Size,,,,,临床研究通用数据元素集(CRCDE),数据元标准,CCDE.99.00.0000479.01.01,东肝,切除肝脏总大小横径,,SI1114904,上海东方肝胆医院院级临床研究数据集:ZB_SHBL_QCGZZDXHJ,,,,,小数,,6,2,,,,,,,,
838,LI0000111,be979c51fa3bcefce9d931e9fb35981c884caaf5c08aca839716ac110075451f,Yes,病理检查,东肝,健康问题与诊断,肝硬化情况,CIRRHOSIS_COND,描述肝脏硬化的类型，如有无、大结节型、小结节型等。,Cirrhosis Condition,,,,,临床研究通用数据元素集(CRCDE),数据元标准,CCDE.99.00.0000393.01.01,东肝,术后病理_肝硬化情况,,SI1114817,上海东方肝胆医院院级临床研究数据集:ZB_SHBL_GYHQK,,,,,枚举,,,,,,0=无；1=大结节型；2=小结节型；3=混合型,否,,,,
842,LI0000112,ad5b64add9f9ef22a480c9a37f5aaaa96d7186c6f099d6c04d8c608d94c6c7c0,Yes,病理检查,东肝,健康问题与诊断,肝炎分期分级,HEP_STAGING,评估慢性肝炎的严重程度。,Hepatitis Staging and Grading,,,,,临床研究通用数据元素集(CRCDE),数据元标准,CCDE.99.00.0000392.01.01,东肝,术后病理_肝炎肝纤维化情况,,SI1114816,上海东方肝胆医院院级临床研究数据集:ZB_SHBL_GYGXWHQK,,,,,枚举,,,,,,1=G1S1；2=G1S2；3=G1S3；4=G1S4；5=G2S1；6=G2S2；7=G2S3；8=G2S4；9=G3S1；10=G3S2；11=G3S3；12=G3S4；13=G4S1；14=G4S2；15=G4S3；16=G4S4；17=G0S0；18=G0S1；19=G0S2；20=G1S0；21=G2S0,否,,,,
846,LI0000113,30de9fb547a664bfcd733803343e95a4f17ad9a517e896222837c8d0198301a1,Yes,"日常病程,入院记录,手术记录,检查",东肝,健康问题与诊断,静脉曲张部位,VARICES_LOC,描述静脉曲张发生的具体部位（食管、胃底）,Varices Location,,,,,临床研究通用数据元素集(CRCDE),数据元标准,CCDE.07.00.0000236.01.01,UDE,食管胃底静脉曲张标志,,SI1117087,UDE数据标准:UDE0080009;上海东方肝胆医院院级临床研究数据集:ZB_SQXGJC_SDWDJMQZ,,,,,枚举,,,,,,0=无；1=轻；2=中；3=重；4=未查,,,,,
855,LI0000113,30de9fb547a664bfcd733803343e95a4f17ad9a517e896222837c8d0198301a1,Yes,"日常病程,入院记录,手术记录,检查",东肝,健康问题与诊断,静脉曲张部位,VARICES_LOC,描述静脉曲张发生的具体部位（食管、胃底）,Varices Location,,,,,临床研究通用数据元素集(CRCDE),数据元标准,CCDE.99.00.0000499.01.01,东肝,静脉曲张部位,,SI1114924,上海东方肝胆医院院级临床研究数据集:ZB_JMQZBW,,,,,文本,200,,,,,,,,,,
858,LI0000114,08308211a6c19ca09bf1d8c9478532973ced8ec11b5eeccad8499a828bbc9786,Yes,"日常病程,手术记录,检查",东肝,健康问题与诊断,静脉曲张程度,VARICES_SEVERITY,"评估静脉曲张的严重程度（轻,中,重,未描述）",Varices Severity,,,,,临床研究通用数据元素集(CRCDE),数据元标准,CCDE.99.00.0000395.01.01,东肝,静脉曲张程度,,SI1114819,上海东方肝胆医院院级临床研究数据集:ZB_JMQZCD,,,,,文本,,,,,,,,,,,
860,LI0000114,08308211a6c19ca09bf1d8c9478532973ced8ec11b5eeccad8499a828bbc9786,Yes,"日常病程,手术记录,检查",东肝,健康问题与诊断,静脉曲张程度,VARICES_SEVERITY,"评估静脉曲张的严重程度（轻,中,重,未描述）",Varices Severity,,,,,临床研究通用数据元素集(CRCDE),数据元标准,CCDE.07.00.0000236.01.01,UDE,食管胃底静脉曲张标志,,SI1117087,UDE数据标准:UDE0080009;上海东方肝胆医院院级临床研究数据集:ZB_SQXGJC_SDWDJMQZ,,,,,枚举,,,,,,0=无；1=轻；2=中；3=重；4=未查,,,,,
869,LI0000115,016361529c2e4b1f4ca2b0a401635cfe32511133876727bedbdb4d90bf1188ef,Yes,"手术记录,检查",东肝,健康问题与诊断,肝硬化标志,CIRRHOSIS_IND,标识是否存在肝硬化。,Cirrhosis Indicator,,,,,临床研究通用数据元素集(CRCDE),数据元标准,CCDE.09.99.0000029.01.01,中山七院;东肝,肝硬化,,SI1103434,UDE数据标准:UDE0079958;上海东方肝胆医院院级临床研究数据集:ZB_SQXGJC_GYH;合肥肿瘤医院院级临床研究数据集:SFGYH,,,,,枚举,,,,,,0=无；1=有,否,,,,
880,LI0000116,21cc4e50eb550c7aab7491a4da568cd7fc702796a0f2d2d0c623c3d8a67fa707,Yes,检查,东肝,健康问题与诊断,门脉高压标志,PH_IND,标识是否存在门脉高压。,Portal Hypertension Indicator,,,,,临床研究通用数据元素集(CRCDE),数据元标准,CCDE.99.00.0000396.01.01,东肝,门脉高压症,,SI1114820,上海东方肝胆医院院级临床研究数据集:ZB_MMGY,,,,,枚举,,,,,,0=否；1=是,否,,,,
882,LI0000117,b0ca930c73b626a18a0ca4debfbe8cba8c0ef28e58071f6e25b2cdc38370414f,Yes,检查,东肝,健康问题与诊断,脾功能亢进标志,HS_IND,标识是否存在脾功能亢进。,Hyperfunctioning Spleen Indicator,,,,,临床研究通用数据元素集(CRCDE),数据元标准,CCDE.99.00.0000397.01.01,东肝,脾功能亢进,,SI1114821,上海东方肝胆医院院级临床研究数据集:ZB_PGN,,,,,枚举,,,,,,0=否；1=是,否,,,,
884,LI0000118,a45ced0050188d98cd4de205bcec60db1ef06363df135c7d96a2a36bab2774d2,Yes,"入院记录,手术记录,检查",东肝,健康问题与诊断,腹水情况,ASCITES_COND,描述腹腔内积液的存在与否及严重程度。,Ascites Condition,,,,,临床研究通用数据元素集(CRCDE),数据元标准,CCDE.99.00.0000430.01.01,东肝,术中腹水,,SI1114854,上海东方肝胆医院院级临床研究数据集:ZB_SZFS,,,,,枚举,,,,,,0=无；1=有,否,,,,
887,LI0000118,a45ced0050188d98cd4de205bcec60db1ef06363df135c7d96a2a36bab2774d2,Yes,"入院记录,手术记录,检查",东肝,健康问题与诊断,腹水情况,ASCITES_COND,描述腹腔内积液的存在与否及严重程度。,Ascites Condition,,,,,临床研究通用数据元素集(CRCDE),数据元标准,CCDE.07.99.0000125.01.01,中山七院,送检腹水,,SI1104339,上海东方肝胆医院院级临床研究数据集:ZB_DYCRYJBQK_FS,,,,,整数,,3,,ml,,0=无；1=过去曾有；2=少量；3=中量；4=大量,,,,,
891,LI0000118,a45ced0050188d98cd4de205bcec60db1ef06363df135c7d96a2a36bab2774d2,Yes,"入院记录,手术记录,检查",东肝,健康问题与诊断,腹水情况,ASCITES_COND,描述腹腔内积液的存在与否及严重程度。,Ascites Condition,,,,,临床研究通用数据元素集(CRCDE),数据元标准,CCDE.11.00.0001524.01.01,卫健委;东肝;东肝,腹水标志,标识个体是否曾经出现腹水体征,SI1109106,WS 375.1-2012:DE02.10.017.00;UDE数据标准:UDE0075234;上海东方肝胆医院院级临床研究数据集:ZB_SHFF_FSYW;合肥肿瘤医院院级临床研究数据集:SFFS,,,,,枚举,,,,,,0=无；1=有,,,,,
906,LI0000119,059477f619f31375004a77eafd77f3c23a168023494825274cfc232b47127c8d,Yes,"入院记录,检查",东肝,健康问题与诊断,腹水厚度,ASCITES_THICKNESS,通过影像学检查测量得到的腹水层厚度值。,Ascites Thickness,,,,,临床研究通用数据元素集(CRCDE),数据元标准,CCDE.99.00.0000343.01.01,东肝,腹水厚度,,SI1114767,上海东方肝胆医院院级临床研究数据集:ZB_SHFF_FSHD,,,,,小数,,6,2,cm,,,,,,,
910,LI0000120,3b8eeef0bd46ef5e92cf15a975c041c40244050e07b6580b99cd23fdb27f898b,Yes,"日常病程,入院记录,手术记录,检查",东肝,健康问题与诊断,静脉曲张标志,VARICES_IND,标识是否存在某些部位胃底静脉曲张的情况。,Varices Indicator,腹壁静脉曲张标志,,,,临床研究通用数据元素集(CRCDE),数据元标准,CCDE.99.00.0000357.01.01,东肝,体征_腹壁静脉曲张,,SI1114781,上海东方肝胆医院院级临床研究数据集:ZB_FBJMQZ,,,,,枚举,,,,,,1=有；0=没有,,,,,
914,LI0000120,3b8eeef0bd46ef5e92cf15a975c041c40244050e07b6580b99cd23fdb27f898b,Yes,"日常病程,入院记录,手术记录,检查",东肝,健康问题与诊断,静脉曲张标志,VARICES_IND,标识是否存在某些部位胃底静脉曲张的情况。,Varices Indicator,腹壁静脉曲张标志,,,,临床研究通用数据元素集(CRCDE),数据元标准,CCDE.07.00.0000236.01.01,UDE,食管胃底静脉曲张标志,,SI1117087,UDE数据标准:UDE0080009;上海东方肝胆医院院级临床研究数据集:ZB_SQXGJC_SDWDJMQZ,,,,,枚举,,,,,,0=无；1=轻；2=中；3=重；4=未查,,,,,
953,LI0000128,40531f162e1e7a93888d4cfef8a80ebd52dca8548f9969255dbc7083a4529d90,Yes,"影像检查,专科检查,病理诊断,手术记录,病理检查","东肝,九院",解剖与病理信息,淋巴结侵犯部位,LN_INVOLVED_SITE,记录被癌症细胞侵袭的淋巴结数目。,Site of Lymph Node Involvement,,,,,临床研究通用数据元素集(CRCDE),数据元标准,CCDE.99.00.0000426.01.01,东肝,淋巴结侵犯部位_肝总动脉旁,,SI1114850,上海东方肝胆医院院级临床研究数据集:ZB_LBJQFBW_GZDMP,,,,,枚举,,,,,,0=无；1=有,否,,,,
957,LI0000128,40531f162e1e7a93888d4cfef8a80ebd52dca8548f9969255dbc7083a4529d90,Yes,"影像检查,专科检查,病理诊断,手术记录,病理检查","东肝,九院",解剖与病理信息,淋巴结侵犯部位,LN_INVOLVED_SITE,记录被癌症细胞侵袭的淋巴结数目。,Site of Lymph Node Involvement,,,,,临床研究通用数据元素集(CRCDE),数据元标准,CCDE.99.00.0000461.01.01,东肝,术后病理_膈肌,,SI1114886,上海东方肝胆医院院级临床研究数据集:ZB_SHBL_GJ,,,,,文本,200,,,,,,,,,,
965,LI0000128,40531f162e1e7a93888d4cfef8a80ebd52dca8548f9969255dbc7083a4529d90,Yes,"影像检查,专科检查,病理诊断,手术记录,病理检查","东肝,九院",解剖与病理信息,淋巴结侵犯部位,LN_INVOLVED_SITE,记录被癌症细胞侵袭的淋巴结数目。,Site of Lymph Node Involvement,,,,,临床研究通用数据元素集(CRCDE),数据元标准,CCDE.99.00.0000427.01.01,东肝,淋巴结侵犯部位_其他侵犯部位,,SI1114851,上海东方肝胆医院院级临床研究数据集:ZB_LBJQFBW_QTQFBW,,,,,文本,200,,,,,,,,,,
969,LI0000128,40531f162e1e7a93888d4cfef8a80ebd52dca8548f9969255dbc7083a4529d90,Yes,"影像检查,专科检查,病理诊断,手术记录,病理检查","东肝,九院",解剖与病理信息,淋巴结侵犯部位,LN_INVOLVED_SITE,记录被癌症细胞侵袭的淋巴结数目。,Site of Lymph Node Involvement,,,,,临床研究通用数据元素集(CRCDE),数据元标准,CCDE.99.00.0000422.01.01,东肝,淋巴结侵犯部位_胆总管旁,,SI1114846,上海东方肝胆医院院级临床研究数据集:ZB_LBJQFBW_DNP,,,,,枚举,,,,,,0=无；1=有,否,,,,
973,LI0000128,40531f162e1e7a93888d4cfef8a80ebd52dca8548f9969255dbc7083a4529d90,Yes,"影像检查,专科检查,病理诊断,手术记录,病理检查","东肝,九院",解剖与病理信息,淋巴结侵犯部位,LN_INVOLVED_SITE,记录被癌症细胞侵袭的淋巴结数目。,Site of Lymph Node Involvement,,,,,临床研究通用数据元素集(CRCDE),数据元标准,CCDE.99.00.0000423.01.01,东肝,淋巴结侵犯部位_胆囊旁,,SI1114847,上海东方肝胆医院院级临床研究数据集:ZB_LBJQFBW_DZGP,,,,,枚举,,,,,,0=无；1=有,否,,,,
977,LI0000128,40531f162e1e7a93888d4cfef8a80ebd52dca8548f9969255dbc7083a4529d90,Yes,"影像检查,专科检查,病理诊断,手术记录,病理检查","东肝,九院",解剖与病理信息,淋巴结侵犯部位,LN_INVOLVED_SITE,记录被癌症细胞侵袭的淋巴结数目。,Site of Lymph Node Involvement,,,,,临床研究通用数据元素集(CRCDE),数据元标准,CCDE.99.00.0000481.01.01,东肝,术后病理_病理证实淋巴结侵犯其他部位,,SI1114906,上海东方肝胆医院院级临床研究数据集:ZB_SHBL_QTBW,,,,,文本,200,,,,,,,,,,
980,LI0000128,40531f162e1e7a93888d4cfef8a80ebd52dca8548f9969255dbc7083a4529d90,Yes,"影像检查,专科检查,病理诊断,手术记录,病理检查","东肝,九院",解剖与病理信息,淋巴结侵犯部位,LN_INVOLVED_SITE,记录被癌症细胞侵袭的淋巴结数目。,Site of Lymph Node Involvement,,,,,临床研究通用数据元素集(CRCDE),数据元标准,CCDE.99.00.0000425.01.01,东肝,淋巴结侵犯部位_肝十二指肠韧带,,SI1114849,上海东方肝胆医院院级临床研究数据集:ZB_LBJQFBW_GSEZCRD,,,,,枚举,,,,,,0=无；1=有,否,,,,
984,LI0000128,40531f162e1e7a93888d4cfef8a80ebd52dca8548f9969255dbc7083a4529d90,Yes,"影像检查,专科检查,病理诊断,手术记录,病理检查","东肝,九院",解剖与病理信息,淋巴结侵犯部位,LN_INVOLVED_SITE,记录被癌症细胞侵袭的淋巴结数目。,Site of Lymph Node Involvement,,,,,临床研究通用数据元素集(CRCDE),数据元标准,CCDE.99.00.0000429.01.01,东肝,淋巴结侵犯部位_胰头后,,SI1114853,上海东方肝胆医院院级临床研究数据集:ZB_LBJQFBW_YTH,,,,,枚举,,,,,,0=无；1=有,否,,,,
988,LI0000128,40531f162e1e7a93888d4cfef8a80ebd52dca8548f9969255dbc7083a4529d90,Yes,"影像检查,专科检查,病理诊断,手术记录,病理检查","东肝,九院",解剖与病理信息,淋巴结侵犯部位,LN_INVOLVED_SITE,记录被癌症细胞侵袭的淋巴结数目。,Site of Lymph Node Involvement,,,,,临床研究通用数据元素集(CRCDE),数据元标准,CCDE.99.00.0000424.01.01,东肝,淋巴结侵犯部位_肝动脉旁,,SI1114848,上海东方肝胆医院院级临床研究数据集:ZB_LBJQFBW_GDMP,,,,,枚举,,,,,,0=无；1=有,否,,,,
992,LI0000128,40531f162e1e7a93888d4cfef8a80ebd52dca8548f9969255dbc7083a4529d90,Yes,"影像检查,专科检查,病理诊断,手术记录,病理检查","东肝,九院",解剖与病理信息,淋巴结侵犯部位,LN_INVOLVED_SITE,记录被癌症细胞侵袭的淋巴结数目。,Site of Lymph Node Involvement,,,,,临床研究通用数据元素集(CRCDE),数据元标准,CCDE.99.00.0000428.01.01,东肝,淋巴结侵犯部位_胃左动脉,,SI1114852,上海东方肝胆医院院级临床研究数据集:ZB_LBJQFBW_WZDM,,,,,枚举,,,,,,0=无；1=有,否,,,,
1001,LI0000129,aba16a1355f422096731ac2dc6b1613b4e627bfb1a2a55030d394303e788f696,Yes,检查,东肝,解剖与病理信息,淋巴结转移标志,LN_METASTASIS_IND,标识是否存在淋巴结转移。,Lymph Node Metastasis Indicator,,,,,临床研究通用数据元素集(CRCDE),数据元标准,CCDE.07.04.0000103.01.01,中山七院,淋巴结转移,,SI1106121,UDE数据标准:UDE0080006;上海东方肝胆医院院级临床研究数据集:ZB_SQXGJC_LBJZY,,,,,枚举,,,,,,0=无；1=有,否,,,,
1006,LI0000130,ceb1c9945b5de4014e4b08b2de08f872c01b958366287da0586e30e7102f08cd,Yes,"影像检查,专科检查,检查","东肝,九院",解剖与病理信息,淋巴结转移部位,LN_METASTASIS_SITE,描述淋巴结转移的具体部位。,Site of Lymph Node Metastasis,阳性淋巴结区域,,,,临床研究通用数据元素集(CRCDE),数据元标准,CCDE.99.00.0000345.01.01,东肝,淋巴结转移部位,,SI1114769,上海东方肝胆医院院级临床研究数据集:ZB_SQXGJC_LBJZYBW,,,,,文本,2000,,,,,,,,,,
1022,LI0000131,4f0d9b4f1105b93bc135c6d0d8ba861ec661f93de132eed84875eab38caa7c2a,Yes,"影像检查,专科检查,手术记录,病理检查","东肝,九院",解剖与病理信息,淋巴结侵犯标志,LN_INVOLVEMENT_IND,标识手术记录中是否发现了淋巴结侵犯,Lymph Node Involvement Indicator,,,,,临床研究通用数据元素集(CRCDE),数据元标准,CCDE.99.00.0000428.01.01,东肝,淋巴结侵犯部位_胃左动脉,,SI1114852,上海东方肝胆医院院级临床研究数据集:ZB_LBJQFBW_WZDM,,,,,枚举,,,,,,0=无；1=有,否,,,,
1026,LI0000131,4f0d9b4f1105b93bc135c6d0d8ba861ec661f93de132eed84875eab38caa7c2a,Yes,"影像检查,专科检查,手术记录,病理检查","东肝,九院",解剖与病理信息,淋巴结侵犯标志,LN_INVOLVEMENT_IND,标识手术记录中是否发现了淋巴结侵犯,Lymph Node Involvement Indicator,,,,,临床研究通用数据元素集(CRCDE),数据元标准,CCDE.99.00.0000427.01.01,东肝,淋巴结侵犯部位_其他侵犯部位,,SI1114851,上海东方肝胆医院院级临床研究数据集:ZB_LBJQFBW_QTQFBW,,,,,文本,200,,,,,,,,,,
1029,LI0000131,4f0d9b4f1105b93bc135c6d0d8ba861ec661f93de132eed84875eab38caa7c2a,Yes,"影像检查,专科检查,手术记录,病理检查","东肝,九院",解剖与病理信息,淋巴结侵犯标志,LN_INVOLVEMENT_IND,标识手术记录中是否发现了淋巴结侵犯,Lymph Node Involvement Indicator,,,,,临床研究通用数据元素集(CRCDE),数据元标准,CCDE.99.00.0000429.01.01,东肝,淋巴结侵犯部位_胰头后,,SI1114853,上海东方肝胆医院院级临床研究数据集:ZB_LBJQFBW_YTH,,,,,枚举,,,,,,0=无；1=有,否,,,,
1034,LI0000132,d52ff747a61c3cfd9bc13121ec8538be61b5c923699f1e09e894170db9bbdd53,Yes,手术记录,"东肝,九院",解剖与病理信息,淋巴结清扫,LN_DISSECTION,手术中对淋巴结实施的操作，如：切除，清扫等,Lymph Node Dissection,移除处理,,,,临床研究通用数据元素集(CRCDE),数据元标准,CCDE.11.00.0001642.01.01,中山七院,淋巴结清扫,,SI1109838,上海东方肝胆医院院级临床研究数据集:ZB_LBJQS;合肥肿瘤医院院级临床研究数据集:LBJQSJG;上海九院临床研究数据元素集:LBJQSJG,,,,,文本,200,,,,,,,,,,
1041,LI0000133,255911e1f5321aae36d35751ebe2f6f37384383e9114e366113fb345e5dd6d3c,Yes,"手术记录,病理检查","东肝,九院",解剖与病理信息,淋巴结清扫范围,LN_DISSEC_EXTENT,手术中清扫淋巴结的范围，如：胆囊旁、胆总管旁、肝动脉旁、肝总动脉旁、胰头后、胃左动脉、肝十二指肠韧带等,Extent of Lymph Node Dissection,"淋巴结清扫区域, 处理对象及所在部位",,,,临床研究通用数据元素集(CRCDE),数据元标准,CCDE.11.00.0001259.01.01,中山七院;东肝,淋巴结清扫的范围,,SI1107778,上海东方肝胆医院院级临床研究数据集:ZB_LBJQSFW;上海东方肝胆医院院级临床研究数据集:ZB_LBJQSFWQT,,,,,文本,100,,,,,,,,,,
1055,LI0000134,9bace2bbe100b537b35d080de466b938f8685ae9c12257104b4dc11b91b60fd2,Yes,手术记录,东肝,解剖与病理信息,淋巴结清扫数目,LN_HARVESTED_COUNT,手术中清扫的淋巴结数量，通常以具体数字表示。,Number of Lymph Nodes Harvested,,,,,临床研究通用数据元素集(CRCDE),数据元标准,CCDE.11.00.0000954.01.01,中山七院;东肝,清扫淋巴结总数,,SI1105824,UDE数据标准:UDE0082675;上海东方肝胆医院院级临床研究数据集:ZB_LBJQSSM,,,,,整数,,3,,个,,,,,,,
1062,LI0000135,47808c96a359399b3fc6292bacfa4e220411d99b31661d1f094826d9b02f77f7,Yes,"影像检查,专科检查,病理诊断,病理检查","东肝,九院",解剖与病理信息,阳性淋巴结个数,LN_POS_COUNT,记录检测到的阳性淋巴结数量。,Number of Positive Lymph Nodes,"阳性LN数量,淋巴结转移阳性数",,,,临床研究通用数据元素集(CRCDE),数据元标准,CCDE.99.00.0000470.01.01,东肝,术后病理_淋巴结转移阳性数,,SI1114895,上海东方肝胆医院院级临床研究数据集:ZB_SHBL_LBZYYXS,,,,,文本,200,,,,,,,,,,
1065,LI0000135,47808c96a359399b3fc6292bacfa4e220411d99b31661d1f094826d9b02f77f7,Yes,"影像检查,专科检查,病理诊断,病理检查","东肝,九院",解剖与病理信息,阳性淋巴结个数,LN_POS_COUNT,记录检测到的阳性淋巴结数量。,Number of Positive Lymph Nodes,"阳性LN数量,淋巴结转移阳性数",,,,临床研究通用数据元素集(CRCDE),数据元标准,CCDE.99.00.0000504.01.01,东肝,是否存在病理淋巴结转移,,SI1114929,上海东方肝胆医院院级临床研究数据集:ZB_LBJWY,,,,,枚举,,,,,,0=无；1=有,否,,,,
1067,LI0000136,0466b9f1f8a28d61c0b7a848a87183163f5ea3df4c12c276fc8fa8f7703529c8,Yes,检查,东肝,解剖与病理信息,脾脏大小长径,SP_LEN_DIA,测量脾脏大小的长径尺寸。,Spleen Length Diameter,,,,,临床研究通用数据元素集(CRCDE),数据元标准,CCDE.99.00.0000439.01.01,东肝,脾脏大小长径,,SI1114863,上海东方肝胆医院院级临床研究数据集:ZB_SQPZDXBCZJ,,,,,小数,,6,2,,,,,,,,
1071,LI0000137,991c4374d07e6c0a9d59048e43d06cc98302354651f6abb7fb262a6304db23f9,Yes,检查,东肝,解剖与病理信息,脾门厚度,SP_THICKNESS,测量脾门的厚度尺寸。,Splenic Portal Thickness,,,,,临床研究通用数据元素集(CRCDE),数据元标准,CCDE.99.00.0000438.01.01,东肝,脾脏大小脾门厚度,,SI1114862,上海东方肝胆医院院级临床研究数据集:ZB_SQPZDXBCPMHD,,,,,小数,,6,2,cm,,,,,,,
1075,LI0000138,2e93bb8fd1bb372bb81d1628b451b67a10d1fe45ec31e8b4b7321a35e00a7bb1,Yes,手术记录,东肝,解剖与病理信息,胆管分支,BD_BRANCHES,"描述胆管癌栓所在的胆管分支（无,左支,右支,主干）",Bile Duct Branches,,,,,临床研究通用数据元素集(CRCDE),数据元标准,CCDE.99.00.0000417.01.01,东肝,胆管侵犯范围,,SI1114841,上海东方肝胆医院院级临床研究数据集:ZB_DGQFFW,,,,,枚举,,,,,,0=无；2=左支；3=右支；4=主干,否,,,,
1078,LI0000139,6bbcedbbd022e392cb4aad75134d6309a8c5484e08cf6675274b22ffcc85e9d1,Yes,"手术记录,检查",东肝,解剖与病理信息,血管部位,VASC_LOC,描述血管癌栓发生的具体部位，包括门脉、肝静脉、腔静脉癌栓,Vascular Location,,,,,临床研究通用数据元素集(CRCDE),数据元标准,CCDE.99.00.0000347.01.01,东肝,腔静脉癌栓,,SI1114771,上海东方肝胆医院院级临床研究数据集:ZB_SHFF_QJMAS,,,,,枚举,,,,,,0=无；1=有,否,,,,
1082,LI0000139,6bbcedbbd022e392cb4aad75134d6309a8c5484e08cf6675274b22ffcc85e9d1,Yes,"手术记录,检查",东肝,解剖与病理信息,血管部位,VASC_LOC,描述血管癌栓发生的具体部位，包括门脉、肝静脉、腔静脉癌栓,Vascular Location,,,,,临床研究通用数据元素集(CRCDE),数据元标准,CCDE.99.00.0000344.01.01,东肝,肝静脉癌栓部位,,SI1114768,上海东方肝胆医院院级临床研究数据集:ZB_SZSJ_GJMAS,,,,,枚举,,,,,,0=无；2=左支；3=右支；4=主干,否,,,,
1089,LI0000139,6bbcedbbd022e392cb4aad75134d6309a8c5484e08cf6675274b22ffcc85e9d1,Yes,"手术记录,检查",东肝,解剖与病理信息,血管部位,VASC_LOC,描述血管癌栓发生的具体部位，包括门脉、肝静脉、腔静脉癌栓,Vascular Location,,,,,临床研究通用数据元素集(CRCDE),数据元标准,CCDE.07.00.0000814.01.01,上海东方肝胆医院院级临床研究数据集,门脉癌栓位置,,SI1121961,上海东方肝胆医院院级临床研究数据集:ZB_SZSJ_MMAS,,,,,枚举,,,,,,0=无；2=左支；3=右支；4=主干,否,,,,
1098,LI0000140,90cf935ffb2dde3441343ea289af0d0967df513f7141f1dd562cb7c6201f6473,Yes,"手术记录,检查",东肝,解剖与病理信息,血管分支,VASC_BRANCHES,"指明血管癌栓所在的血管分支（左支,右支,主干,未描述）",Vascular Branches,,,,,临床研究通用数据元素集(CRCDE),数据元标准,CCDE.07.00.0000814.01.01,上海东方肝胆医院院级临床研究数据集,门脉癌栓位置,,SI1121961,上海东方肝胆医院院级临床研究数据集:ZB_SZSJ_MMAS,,,,,枚举,,,,,,0=无；2=左支；3=右支；4=主干,否,,,,
1107,LI0000140,90cf935ffb2dde3441343ea289af0d0967df513f7141f1dd562cb7c6201f6473,Yes,"手术记录,检查",东肝,解剖与病理信息,血管分支,VASC_BRANCHES,"指明血管癌栓所在的血管分支（左支,右支,主干,未描述）",Vascular Branches,,,,,临床研究通用数据元素集(CRCDE),数据元标准,CCDE.99.00.0000347.01.01,东肝,腔静脉癌栓,,SI1114771,上海东方肝胆医院院级临床研究数据集:ZB_SHFF_QJMAS,,,,,枚举,,,,,,0=无；1=有,否,,,,
1111,LI0000140,90cf935ffb2dde3441343ea289af0d0967df513f7141f1dd562cb7c6201f6473,Yes,"手术记录,检查",东肝,解剖与病理信息,血管分支,VASC_BRANCHES,"指明血管癌栓所在的血管分支（左支,右支,主干,未描述）",Vascular Branches,,,,,临床研究通用数据元素集(CRCDE),数据元标准,CCDE.99.00.0000344.01.01,东肝,肝静脉癌栓部位,,SI1114768,上海东方肝胆医院院级临床研究数据集:ZB_SZSJ_GJMAS,,,,,枚举,,,,,,0=无；2=左支；3=右支；4=主干,否,,,,
1118,LI0000141,39b070fcc0c1fb8047eb21dd9f9656bd23abaa98d2994804dabcb9b77bb81469,Yes,"手术记录,检查",东肝,解剖与病理信息,肝叶,LIV_LOBE,"指明肿瘤所在的肝脏具体叶（左外叶,左内叶,右前叶,右后叶,尾状叶）",Liver Lobe,,,,,临床研究通用数据元素集(CRCDE),数据元标准,CCDE.99.00.0000500.01.01,东肝,肿瘤位置_肝叶,,SI1114925,上海东方肝胆医院院级临床研究数据集:ZB_ZLGY,,,,,枚举,,,,,,1=左外叶；2=左内叶；3=右前叶；4=右后叶；5=尾状叶,否,,,,
1128,LI0000142,e2841e02a102467c03394ee1d31ade63f42d8a2b0cc6253bf56b46edfe8d79ab,Yes,"病理诊断,入院记录,手术记录,检查",东肝,解剖与病理信息,肝段,ANAT_LIV_SEG,病变位于肝脏的具体部位（依据Couinaud分段法，分为1-8段）。,Anatomical Liver Segment,,,,,临床研究通用数据元素集(CRCDE),数据元标准,CCDE.99.00.0000350.01.01,东肝,肿瘤位置_肝段,,SI1114774,上海东方肝胆医院院级临床研究数据集:ZB_ZLWZ,,,,,枚举,,,,,,1=1段；2=2段；3=3段；4=4段；5=5段；6=6段；7=7段；8=8段,否,,,,
1135,LI0000142,e2841e02a102467c03394ee1d31ade63f42d8a2b0cc6253bf56b46edfe8d79ab,Yes,"病理诊断,入院记录,手术记录,检查",东肝,解剖与病理信息,肝段,ANAT_LIV_SEG,病变位于肝脏的具体部位（依据Couinaud分段法，分为1-8段）。,Anatomical Liver Segment,,,,,临床研究通用数据元素集(CRCDE),数据元标准,CCDE.99.00.0000503.01.01,东肝,解剖肝段,,SI1114928,上海东方肝胆医院院级临床研究数据集:ZB_JPGD,,,,,文本,200,,,,,,,,,,
1143,LI0000143,26f30868f86a2bc7f94d21e6f61050fc2feaa93dd9ffdf021bf0d20694f75950,Yes,介入治疗,东肝,治疗与操作,肿瘤染色标志,TSI,用于标识在TAE（经动脉栓塞化疗）过程中肿瘤是否染色以及染色的特征。,Tumor Staining Indicator,,,,,临床研究通用数据元素集(CRCDE),数据元标准,CCDE.11.00.0003303.01.01,上海东方肝胆医院院级临床研究数据集,术后处理情况_TACE肿瘤染色描述,,SI1122519,上海东方肝胆医院院级临床研究数据集:ZB_SHCLQK_TACEZLRSMS,,,,,枚举,,,,,,0=无;1=肿瘤可疑;2=肿瘤存在;3=无报告,否,,,,
1146,LI0000144,28d96a73b2bca98a7a2b2b5ed6f330d2a5c1eb3bbbea734f6a0bed3ef4b21205,Yes,介入治疗,东肝,治疗与操作,TAE术肿瘤范围,TAE_RANGE,描述TAE术中肿瘤染色涉及的肝脏区域范围，如左侧、右侧或弥漫性。,TAE Tumor Range,,,,,临床研究通用数据元素集(CRCDE),数据元标准,CCDE.07.00.0000809.01.01,上海东方肝胆医院院级临床研究数据集,术后处理情况_肿瘤范围,,SI1121956,上海东方肝胆医院院级临床研究数据集:ZB_SHCLQK_ZLFW,,,,,枚举,,,,,,1=左；2=右；3=弥漫性,否,,,,
1154,LI0000145,02bdc6f65a237e6dc6a1d6b94fec8f54beeeddedf589bd4c08d85bc96d28528b,Yes,介入治疗,东肝,治疗与操作,TAE术肿瘤个数,TAE_TUMOR_COUNT,统计TAE术中发现的肿瘤块状或结节状染色的数量。,Number of Tumors in TAE,,,,,临床研究通用数据元素集(CRCDE),数据元标准,CCDE.07.14.0000194.01.01,中山七院;东肝,肿瘤个数,,SI1107531,UDE数据标准:UDE0082672;上海东方肝胆医院院级临床研究数据集:ZB_ZLGS;合肥肿瘤医院院级临床研究数据集:SZSJZLSM,,,,,整数,,4,,个,,,,,,,
1177,LI0000148,f7e3ead5b6b20b15b47e80b6964f3e8c8f2b31a073b3301a4dfb8ae2517eda4a,Yes,手术记录,东肝,治疗与操作,手术开始时间,SST,手术正式开始的时间点，通常以小时和分钟表示。,Surgery Start Time,,,,,临床研究通用数据元素集(CRCDE),数据元标准,CCDE.11.00.0001377.01.01,卫健委;东肝,手术开始日期时间,对患者开始手术操作时的公元纪年日期和时间的完整描述,SI1108452,WS/T 500.1-2016:DE06.00.221.00;UDE数据标准:UDE0078348;上海东方肝胆医院院级临床研究数据集:ZB_STIME;上海九院临床研究数据元素集:SSQSSJ,,,,,日期/时间,,,,,yyyy-MM-dd,,,,,,
1184,LI0000148,f7e3ead5b6b20b15b47e80b6964f3e8c8f2b31a073b3301a4dfb8ae2517eda4a,Yes,手术记录,东肝,治疗与操作,手术开始时间,SST,手术正式开始的时间点，通常以小时和分钟表示。,Surgery Start Time,,,,,临床研究通用数据元素集(CRCDE),数据元标准,CCDE.11.00.0000263.01.01,中山七院;东肝,手术持续时间,,SI1102206,上海东方肝胆医院院级临床研究数据集:SSCSSJ;上海东方肝胆医院院级临床研究数据集:ZB_SSCXSJ;合肥肿瘤医院院级临床研究数据集:SSCSSJ,,,,,枚举,,,,,,T1：手术持续时间≤3小时;T2：手术持续时间>3小时,否,,,,
1192,LI0000149,401762b6077a17a64a5b418fd27c0003f7f01de7f7bff34d1b1cde4c18038e8c,Yes,手术记录,东肝,治疗与操作,手术结束时间,SET,手术结束的时间点，通常以小时和分钟表示。,Surgery End Time,,,,,临床研究通用数据元素集(CRCDE),数据元标准,CCDE.11.00.0001378.01.01,卫健委;合肥肿瘤;东肝,手术结束日期时间,对患者结束手术操作时的公元纪年日期和时间的完整描述,SI1108453,WS/T 500.1-2016:DE06.00.218.00;UDE数据标准:UDE0078340;上海东方肝胆医院院级临床研究数据集:ZB_ETIME;上海东方肝胆医院院级临床研究数据集:SSJSSJ;合肥肿瘤医院院级临床研究数据集:SSJSSJ;上海九院临床研究数据元素集:SSCSSJ,,,,,日期/时间,,,,,yyyy-MM-dd,,,,,,
1199,LI0000149,401762b6077a17a64a5b418fd27c0003f7f01de7f7bff34d1b1cde4c18038e8c,Yes,手术记录,东肝,治疗与操作,手术结束时间,SET,手术结束的时间点，通常以小时和分钟表示。,Surgery End Time,,,,,临床研究通用数据元素集(CRCDE),数据元标准,CCDE.11.00.0000263.01.01,中山七院;东肝,手术持续时间,,SI1102206,上海东方肝胆医院院级临床研究数据集:SSCSSJ;上海东方肝胆医院院级临床研究数据集:ZB_SSCXSJ;合肥肿瘤医院院级临床研究数据集:SSCSSJ,,,,,枚举,,,,,,T1：手术持续时间≤3小时;T2：手术持续时间>3小时,否,,,,
1207,LI0000150,f89c067ff6a97084fd28b22f08a0a84e870c90261dda1155ab523d6bc1b2ae61,Yes,"入院记录,现病史,既往史,手术记录","东肝,九院,胸科",治疗与操作,手术名称,SURG_NAME,手术的具体操作名称，如“右肝肿瘤切除术”“经皮肝穿刺微波热凝肝癌损毁术”等。,Surgery Name,"手术治疗, 既往口腔病灶切除史, 既往颈淋巴结清扫史",,,,临床研究通用数据元素集(CRCDE),数据元标准,CCDE.99.00.0000597.01.01,东肝,PVE（门静脉栓塞术）术的手术记录,,SI1115025,上海东方肝胆医院院级临床研究数据集:ZB_PVE,,,,,枚举,,,,,,0=否；1=是,否,,,,
1210,LI0000150,f89c067ff6a97084fd28b22f08a0a84e870c90261dda1155ab523d6bc1b2ae61,Yes,"入院记录,现病史,既往史,手术记录","东肝,九院,胸科",治疗与操作,手术名称,SURG_NAME,手术的具体操作名称，如“右肝肿瘤切除术”“经皮肝穿刺微波热凝肝癌损毁术”等。,Surgery Name,"手术治疗, 既往口腔病灶切除史, 既往颈淋巴结清扫史",,,,临床研究通用数据元素集(CRCDE),数据元标准,CCDE.99.00.0000561.01.01,东肝,门奇静脉断流术,,SI1114989,上海东方肝胆医院院级临床研究数据集:ZB_MQJMDLS,,,,,枚举,,,,,,0=无；1=有,否,,,,
1213,LI0000150,f89c067ff6a97084fd28b22f08a0a84e870c90261dda1155ab523d6bc1b2ae61,Yes,"入院记录,现病史,既往史,手术记录","东肝,九院,胸科",治疗与操作,手术名称,SURG_NAME,手术的具体操作名称，如“右肝肿瘤切除术”“经皮肝穿刺微波热凝肝癌损毁术”等。,Surgery Name,"手术治疗, 既往口腔病灶切除史, 既往颈淋巴结清扫史",,,,临床研究通用数据元素集(CRCDE),数据元标准,CCDE.99.00.0000524.01.01,东肝,附加手术方式_T管引流术,,SI1114950,上海东方肝胆医院院级临床研究数据集:ZB_TGYLS,,,,,枚举,,,,,,1=有；0=没有,否,,,,
1217,LI0000150,f89c067ff6a97084fd28b22f08a0a84e870c90261dda1155ab523d6bc1b2ae61,Yes,"入院记录,现病史,既往史,手术记录","东肝,九院,胸科",治疗与操作,手术名称,SURG_NAME,手术的具体操作名称，如“右肝肿瘤切除术”“经皮肝穿刺微波热凝肝癌损毁术”等。,Surgery Name,"手术治疗, 既往口腔病灶切除史, 既往颈淋巴结清扫史",,,,临床研究通用数据元素集(CRCDE),数据元标准,CCDE.03.10.0000005.01.01,九院,既往手术史,,SI1105442,上海九院临床研究数据元素集:SSS;中山大学附属第七医院临床研究数据集;上海东方肝胆医院院级临床研究数据集:SSS;合肥肿瘤医院院级临床研究数据集:SSS,,,,,文本,100,,,,,,,,,,
1222,LI0000150,f89c067ff6a97084fd28b22f08a0a84e870c90261dda1155ab523d6bc1b2ae61,Yes,"入院记录,现病史,既往史,手术记录","东肝,九院,胸科",治疗与操作,手术名称,SURG_NAME,手术的具体操作名称，如“右肝肿瘤切除术”“经皮肝穿刺微波热凝肝癌损毁术”等。,Surgery Name,"手术治疗, 既往口腔病灶切除史, 既往颈淋巴结清扫史",,,,临床研究通用数据元素集(CRCDE),数据元标准,CCDE.11.00.0003300.01.01,上海东方肝胆医院院级临床研究数据集,附加手术方式_胆管、空肠吻合术,,SI1122516,上海东方肝胆医院院级临床研究数据集:ZB_DGKCWHS,,,,,枚举,,,,,,1=有；0=没有,否,,,,
1226,LI0000150,f89c067ff6a97084fd28b22f08a0a84e870c90261dda1155ab523d6bc1b2ae61,Yes,"入院记录,现病史,既往史,手术记录","东肝,九院,胸科",治疗与操作,手术名称,SURG_NAME,手术的具体操作名称，如“右肝肿瘤切除术”“经皮肝穿刺微波热凝肝癌损毁术”等。,Surgery Name,"手术治疗, 既往口腔病灶切除史, 既往颈淋巴结清扫史",,,,临床研究通用数据元素集(CRCDE),数据元标准,CCDE.99.00.0000596.01.01,东肝,PRFA（经皮射频消融术）术手的手术记录。,,SI1115024,上海东方肝胆医院院级临床研究数据集:ZB_PRFA,,,,,枚举,,,,,,0=否；1=是,否,,,,
1229,LI0000150,f89c067ff6a97084fd28b22f08a0a84e870c90261dda1155ab523d6bc1b2ae61,Yes,"入院记录,现病史,既往史,手术记录","东肝,九院,胸科",治疗与操作,手术名称,SURG_NAME,手术的具体操作名称，如“右肝肿瘤切除术”“经皮肝穿刺微波热凝肝癌损毁术”等。,Surgery Name,"手术治疗, 既往口腔病灶切除史, 既往颈淋巴结清扫史",,,,临床研究通用数据元素集(CRCDE),数据元标准,CCDE.11.00.0001354.01.01,卫健委;东肝,手术名称,按照ICD-9-CM-3的名称,SI1108322,WS/T 500.1-2016:DE06.00.094.00;上海东方肝胆医院院级临床研究数据集:ZB_SSMC;上海九院临床研究数据元素集:SSMC;上海市胸科医院肺癌临床研究数据集:SSMC,,,,,文本,100,,,,,,,,,,
1244,LI0000150,f89c067ff6a97084fd28b22f08a0a84e870c90261dda1155ab523d6bc1b2ae61,Yes,"入院记录,现病史,既往史,手术记录","东肝,九院,胸科",治疗与操作,手术名称,SURG_NAME,手术的具体操作名称，如“右肝肿瘤切除术”“经皮肝穿刺微波热凝肝癌损毁术”等。,Surgery Name,"手术治疗, 既往口腔病灶切除史, 既往颈淋巴结清扫史",,,,临床研究通用数据元素集(CRCDE),数据元标准,CCDE.99.00.0000557.01.01,东肝,HCC切除术,,SI1114985,上海东方肝胆医院院级临床研究数据集:ZB_HCCQCS,,,,,枚举,,,,,,0=无；1=有,否,,,,
1247,LI0000150,f89c067ff6a97084fd28b22f08a0a84e870c90261dda1155ab523d6bc1b2ae61,Yes,"入院记录,现病史,既往史,手术记录","东肝,九院,胸科",治疗与操作,手术名称,SURG_NAME,手术的具体操作名称，如“右肝肿瘤切除术”“经皮肝穿刺微波热凝肝癌损毁术”等。,Surgery Name,"手术治疗, 既往口腔病灶切除史, 既往颈淋巴结清扫史",,,,临床研究通用数据元素集(CRCDE),数据元标准,CCDE.99.00.0000514.01.01,东肝,附加手术方式_联合脏器切除,,SI1114940,上海东方肝胆医院院级临床研究数据集:ZB_LHZQQC,,,,,枚举,,,,,,1=胃；2=结肠；3=膈肌；4=其他,否,,,,
1253,LI0000150,f89c067ff6a97084fd28b22f08a0a84e870c90261dda1155ab523d6bc1b2ae61,Yes,"入院记录,现病史,既往史,手术记录","东肝,九院,胸科",治疗与操作,手术名称,SURG_NAME,手术的具体操作名称，如“右肝肿瘤切除术”“经皮肝穿刺微波热凝肝癌损毁术”等。,Surgery Name,"手术治疗, 既往口腔病灶切除史, 既往颈淋巴结清扫史",,,,临床研究通用数据元素集(CRCDE),数据元标准,CCDE.99.00.0000595.01.01,东肝,PMCT（经皮微波凝固治疗）术的手术记录,,SI1115023,上海东方肝胆医院院级临床研究数据集:ZB_PMCT,,,,,枚举,,,,,,0=否；1=是,否,,,,
1256,LI0000150,f89c067ff6a97084fd28b22f08a0a84e870c90261dda1155ab523d6bc1b2ae61,Yes,"入院记录,现病史,既往史,手术记录","东肝,九院,胸科",治疗与操作,手术名称,SURG_NAME,手术的具体操作名称，如“右肝肿瘤切除术”“经皮肝穿刺微波热凝肝癌损毁术”等。,Surgery Name,"手术治疗, 既往口腔病灶切除史, 既往颈淋巴结清扫史",,,,临床研究通用数据元素集(CRCDE),数据元标准,CCDE.99.00.0000360.01.01,东肝,胆道手术史,,SI1114784,上海东方肝胆医院院级临床研究数据集:ZB_DDSSS,,,,,枚举,,,,,,0=无；1=1次；2=2次；3=≥3次,否,,,,
1259,LI0000150,f89c067ff6a97084fd28b22f08a0a84e870c90261dda1155ab523d6bc1b2ae61,Yes,"入院记录,现病史,既往史,手术记录","东肝,九院,胸科",治疗与操作,手术名称,SURG_NAME,手术的具体操作名称，如“右肝肿瘤切除术”“经皮肝穿刺微波热凝肝癌损毁术”等。,Surgery Name,"手术治疗, 既往口腔病灶切除史, 既往颈淋巴结清扫史",,,,临床研究通用数据元素集(CRCDE),数据元标准,CCDE.11.00.0003292.01.01,上海东方肝胆医院院级临床研究数据集,附加手术方式_胆囊切除术,,SI1122508,上海东方肝胆医院院级临床研究数据集:ZB_DNQCS,,,,,枚举,,,,,,1=有；0=没有,否,,,,
1263,LI0000150,f89c067ff6a97084fd28b22f08a0a84e870c90261dda1155ab523d6bc1b2ae61,Yes,"入院记录,现病史,既往史,手术记录","东肝,九院,胸科",治疗与操作,手术名称,SURG_NAME,手术的具体操作名称，如“右肝肿瘤切除术”“经皮肝穿刺微波热凝肝癌损毁术”等。,Surgery Name,"手术治疗, 既往口腔病灶切除史, 既往颈淋巴结清扫史",,,,临床研究通用数据元素集(CRCDE),数据元标准,CCDE.99.00.0000562.01.01,东肝,脾切除术,,SI1114990,上海东方肝胆医院院级临床研究数据集:ZB_PQCS,,,,,枚举,,,,,,0=无；1=有,否,,,,
1268,LI0000150,f89c067ff6a97084fd28b22f08a0a84e870c90261dda1155ab523d6bc1b2ae61,Yes,"入院记录,现病史,既往史,手术记录","东肝,九院,胸科",治疗与操作,手术名称,SURG_NAME,手术的具体操作名称，如“右肝肿瘤切除术”“经皮肝穿刺微波热凝肝癌损毁术”等。,Surgery Name,"手术治疗, 既往口腔病灶切除史, 既往颈淋巴结清扫史",,,,临床研究通用数据元素集(CRCDE),数据元标准,CCDE.99.00.0000598.01.01,东肝,TACE（肝动脉插管化疗栓塞术）术的手术记录,,SI1115026,上海东方肝胆医院院级临床研究数据集:ZB_TACE,,,,,枚举,,,,,,0=否；1=是,否,,,,
1271,LI0000150,f89c067ff6a97084fd28b22f08a0a84e870c90261dda1155ab523d6bc1b2ae61,Yes,"入院记录,现病史,既往史,手术记录","东肝,九院,胸科",治疗与操作,手术名称,SURG_NAME,手术的具体操作名称，如“右肝肿瘤切除术”“经皮肝穿刺微波热凝肝癌损毁术”等。,Surgery Name,"手术治疗, 既往口腔病灶切除史, 既往颈淋巴结清扫史",,,,临床研究通用数据元素集(CRCDE),数据元标准,CCDE.99.00.0000522.01.01,东肝,附加手术方式_门奇断流术,,SI1114948,上海东方肝胆医院院级临床研究数据集:ZB_MQDLS,,,,,枚举,,,,,,1=有；0=没有,否,,,,
1275,LI0000150,f89c067ff6a97084fd28b22f08a0a84e870c90261dda1155ab523d6bc1b2ae61,Yes,"入院记录,现病史,既往史,手术记录","东肝,九院,胸科",治疗与操作,手术名称,SURG_NAME,手术的具体操作名称，如“右肝肿瘤切除术”“经皮肝穿刺微波热凝肝癌损毁术”等。,Surgery Name,"手术治疗, 既往口腔病灶切除史, 既往颈淋巴结清扫史",,,,临床研究通用数据元素集(CRCDE),数据元标准,CCDE.99.00.0000521.01.01,东肝,附加手术方式_门脉取癌栓术,,SI1114947,上海东方肝胆医院院级临床研究数据集:ZB_MMQASS,,,,,枚举,,,,,,1=有；0=没有,否,,,,
1279,LI0000150,f89c067ff6a97084fd28b22f08a0a84e870c90261dda1155ab523d6bc1b2ae61,Yes,"入院记录,现病史,既往史,手术记录","东肝,九院,胸科",治疗与操作,手术名称,SURG_NAME,手术的具体操作名称，如“右肝肿瘤切除术”“经皮肝穿刺微波热凝肝癌损毁术”等。,Surgery Name,"手术治疗, 既往口腔病灶切除史, 既往颈淋巴结清扫史",,,,临床研究通用数据元素集(CRCDE),数据元标准,CCDE.11.00.0003296.01.01,上海东方肝胆医院院级临床研究数据集,附加手术方式_胆总管切开癌栓取出术,,SI1122512,上海东方肝胆医院院级临床研究数据集:ZB_DZGQKASQCS,,,,,枚举,,,,,,1=有；0=没有,否,,,,
1283,LI0000150,f89c067ff6a97084fd28b22f08a0a84e870c90261dda1155ab523d6bc1b2ae61,Yes,"入院记录,现病史,既往史,手术记录","东肝,九院,胸科",治疗与操作,手术名称,SURG_NAME,手术的具体操作名称，如“右肝肿瘤切除术”“经皮肝穿刺微波热凝肝癌损毁术”等。,Surgery Name,"手术治疗, 既往口腔病灶切除史, 既往颈淋巴结清扫史",,,,临床研究通用数据元素集(CRCDE),数据元标准,CCDE.99.00.0000594.01.01,东肝,PEIT（经皮乙醇注射治疗）术的手术记录,,SI1115022,上海东方肝胆医院院级临床研究数据集:ZB_PEIT,,,,,枚举,,,,,,0=否；1=是,否,,,,
1286,LI0000150,f89c067ff6a97084fd28b22f08a0a84e870c90261dda1155ab523d6bc1b2ae61,Yes,"入院记录,现病史,既往史,手术记录","东肝,九院,胸科",治疗与操作,手术名称,SURG_NAME,手术的具体操作名称，如“右肝肿瘤切除术”“经皮肝穿刺微波热凝肝癌损毁术”等。,Surgery Name,"手术治疗, 既往口腔病灶切除史, 既往颈淋巴结清扫史",,,,临床研究通用数据元素集(CRCDE),数据元标准,CCDE.11.00.0003304.01.01,上海东方肝胆医院院级临床研究数据集,手术切除方式,,SI1122520,上海东方肝胆医院院级临床研究数据集:ZB_SSQCFS,,,,,枚举,,,,,,1=局限性手术；2=肝段切除术；3=联合肝段切除术；4=半肝切除术；5=肝三叶切除术；6=多处切除术,否,,,,
1290,LI0000150,f89c067ff6a97084fd28b22f08a0a84e870c90261dda1155ab523d6bc1b2ae61,Yes,"入院记录,现病史,既往史,手术记录","东肝,九院,胸科",治疗与操作,手术名称,SURG_NAME,手术的具体操作名称，如“右肝肿瘤切除术”“经皮肝穿刺微波热凝肝癌损毁术”等。,Surgery Name,"手术治疗, 既往口腔病灶切除史, 既往颈淋巴结清扫史",,,,临床研究通用数据元素集(CRCDE),数据元标准,CCDE.99.00.0000523.01.01,东肝,附加手术方式_脾切除术,,SI1114949,上海东方肝胆医院院级临床研究数据集:ZB_PQCSG,,,,,枚举,,,,,,1=有；0=没有,否,,,,
1294,LI0000151,03f007ffdd4ac9c36d9a662973eb7fdd2ea6a415159e68e25e295d3dd82f04cd,Yes,"入院记录,现病史,既往史","东肝,九院,胸科",治疗与操作,手术日期,SURG_DURATION,手术实施的具体日期和时间。,Duration of Surgery,"手术时间, 既往口腔病灶切除时间, 既往颈淋巴结清扫时间",,,,临床研究通用数据元素集(CRCDE),数据元标准,CCDE.99.00.0000370.01.01,东肝,距离HCC切除术间隔时间多少年,,SI1114794,上海东方肝胆医院院级临床研究数据集:ZB_JLHCCQCSJGSJDSN,,,,,小数,,2,,,,,,,,,
1305,LI0000151,03f007ffdd4ac9c36d9a662973eb7fdd2ea6a415159e68e25e295d3dd82f04cd,Yes,"入院记录,现病史,既往史","东肝,九院,胸科",治疗与操作,手术日期,SURG_DURATION,手术实施的具体日期和时间。,Duration of Surgery,"手术时间, 既往口腔病灶切除时间, 既往颈淋巴结清扫时间",,,,临床研究通用数据元素集(CRCDE),数据元标准,CCDE.99.00.0000369.01.01,东肝,距离胆道手术间隔时间多少年,,SI1114793,上海东方肝胆医院院级临床研究数据集:ZB_JLDDSSJGSJDSN,,,,,小数,,2,,,,,,,,,
1309,LI0000151,03f007ffdd4ac9c36d9a662973eb7fdd2ea6a415159e68e25e295d3dd82f04cd,Yes,"入院记录,现病史,既往史","东肝,九院,胸科",治疗与操作,手术日期,SURG_DURATION,手术实施的具体日期和时间。,Duration of Surgery,"手术时间, 既往口腔病灶切除时间, 既往颈淋巴结清扫时间",,,,临床研究通用数据元素集(CRCDE),数据元标准,CCDE.99.00.0000371.01.01,东肝,距离门奇静脉断流术间隔时间多少年,,SI1114795,上海东方肝胆医院院级临床研究数据集:ZB_JLMQJMDLSJGSJDSN,,,,,小数,,2,,,,,,,,,
1314,LI0000151,03f007ffdd4ac9c36d9a662973eb7fdd2ea6a415159e68e25e295d3dd82f04cd,Yes,"入院记录,现病史,既往史","东肝,九院,胸科",治疗与操作,手术日期,SURG_DURATION,手术实施的具体日期和时间。,Duration of Surgery,"手术时间, 既往口腔病灶切除时间, 既往颈淋巴结清扫时间",,,,临床研究通用数据元素集(CRCDE),数据元标准,CCDE.99.00.0000372.01.01,东肝,距离脾切除术间隔时间多少年,,SI1114796,上海东方肝胆医院院级临床研究数据集:ZB_JLPQCSJGSJDSN,,,,,小数,,2,,,,,,,,,
1328,LI0000157,df1e5bf2b4c3fec67aeca72ae51a21390702ed14a2cda71ac35ee45a07f8a271,Yes,手术记录,东肝,治疗与操作,肝门阻断标志,HPO_IND,标识手术经过中是否进行肝门阻断,Hepatic Portal Occlusion Indicator,,,,,临床研究通用数据元素集(CRCDE),数据元标准,CCDE.99.00.0000602.01.01,东肝,是否肝门阻断,,SI1115030,上海东方肝胆医院院级临床研究数据集:ZB_GMZD,,,,,枚举,,,,,,0=否；1=是,否,,,,
1330,LI0000158,72a168c005cbcb291897e7baeb51865e38ddfc512cde4dc0febf66a2253633f8,Yes,手术记录,东肝,治疗与操作,肝门阻断类型,HPO_TYPE,手术中实施肝门阻断的具体操作和方法,Type of Hepatic Portal Occlusion,,,,,临床研究通用数据元素集(CRCDE),数据元标准,CCDE.99.00.0000605.01.01,东肝,肝门阻断类型,,SI1115033,上海东方肝胆医院院级临床研究数据集:ZB_ZDLX,,,,,文本,,,,,,,,,,,
1332,LI0000159,282e68274e8b359545dee0ff0afffd2ff12616394865d7b66292f209779a4210,Yes,手术记录,东肝,治疗与操作,肝门阻断次数,HPO_COUNT,手术中实施肝门阻断的次数,Number of Hepatic Portal Occlusions,,,,,临床研究通用数据元素集(CRCDE),数据元标准,CCDE.99.00.0000566.01.01,东肝,肝门阻断时间Ⅰ,,SI1114994,上海东方肝胆医院院级临床研究数据集:ZB_GMZDSJ,,,,,整数,,3,,分,,,,,,,
1335,LI0000159,282e68274e8b359545dee0ff0afffd2ff12616394865d7b66292f209779a4210,Yes,手术记录,东肝,治疗与操作,肝门阻断次数,HPO_COUNT,手术中实施肝门阻断的次数,Number of Hepatic Portal Occlusions,,,,,临床研究通用数据元素集(CRCDE),数据元标准,CCDE.99.00.0000567.01.01,东肝,肝门阻断时间Ⅱ,,SI1114995,上海东方肝胆医院院级临床研究数据集:ZB_GMZDSJ_b,,,,,整数,,3,,分,,,,,,,
1338,LI0000159,282e68274e8b359545dee0ff0afffd2ff12616394865d7b66292f209779a4210,Yes,手术记录,东肝,治疗与操作,肝门阻断次数,HPO_COUNT,手术中实施肝门阻断的次数,Number of Hepatic Portal Occlusions,,,,,临床研究通用数据元素集(CRCDE),数据元标准,CCDE.99.00.0000568.01.01,东肝,肝门阻断时间Ⅲ,,SI1114996,上海东方肝胆医院院级临床研究数据集:ZB_GMZDSJ_j,,,,,整数,,3,,分,,,,,,,
1341,LI0000160,5c505db468cad73458976f8f820bd9071e25ca4a9be06c3915821ed78968606c,Yes,手术记录,东肝,治疗与操作,肝门阻断时间,HPO_DURATION,手术中肝门阻断的时间（可能是每次用时，也可能是总时长）,Duration of Hepatic Portal Occlusion,,,,,临床研究通用数据元素集(CRCDE),数据元标准,CCDE.99.00.0000566.01.01,东肝,肝门阻断时间Ⅰ,,SI1114994,上海东方肝胆医院院级临床研究数据集:ZB_GMZDSJ,,,,,整数,,3,,分,,,,,,,
1344,LI0000160,5c505db468cad73458976f8f820bd9071e25ca4a9be06c3915821ed78968606c,Yes,手术记录,东肝,治疗与操作,肝门阻断时间,HPO_DURATION,手术中肝门阻断的时间（可能是每次用时，也可能是总时长）,Duration of Hepatic Portal Occlusion,,,,,临床研究通用数据元素集(CRCDE),数据元标准,CCDE.99.00.0000567.01.01,东肝,肝门阻断时间Ⅱ,,SI1114995,上海东方肝胆医院院级临床研究数据集:ZB_GMZDSJ_b,,,,,整数,,3,,分,,,,,,,
1347,LI0000160,5c505db468cad73458976f8f820bd9071e25ca4a9be06c3915821ed78968606c,Yes,手术记录,东肝,治疗与操作,肝门阻断时间,HPO_DURATION,手术中肝门阻断的时间（可能是每次用时，也可能是总时长）,Duration of Hepatic Portal Occlusion,,,,,临床研究通用数据元素集(CRCDE),数据元标准,CCDE.99.00.0000568.01.01,东肝,肝门阻断时间Ⅲ,,SI1114996,上海东方肝胆医院院级临床研究数据集:ZB_GMZDSJ_j,,,,,整数,,3,,分,,,,,,,
1350,LI0000161,e7547bf43ac172d614f056eb2905460714c6c38ccb4ca69cdeaeb8852cf29de8,Yes,手术记录,东肝,治疗与操作,放置腹腔引流管标志,ADT_IND,标识术中是否放置腹腔引流管,Abdominal Drainage Tube Placement Indicator,,,,,临床研究通用数据元素集(CRCDE),数据元标准,CCDE.99.00.0000604.01.01,东肝,有无放置腹腔引流管,,SI1115032,上海东方肝胆医院院级临床研究数据集:ZB_YLG,,,,,枚举,,,,,,0=无；1=有,否,,,,
1352,LI0000162,f57b13812fcdebff83416fa49df48b39bc20a167efc3f2ea4113536b214a5ce6,Yes,手术记录,东肝,治疗与操作,癌栓处理方式,CT_MANAGE,描述对癌栓的处理方法（未处理，切除，吸除）,Cancer Thrombus Management Method,,,,,临床研究通用数据元素集(CRCDE),数据元标准,CCDE.99.00.0000577.01.01,东肝,血管癌栓处理,,SI1115005,上海东方肝胆医院院级临床研究数据集:ZB_XGASCL,,,,,枚举,,,,,,0=未处理；1=切除；2=吸除,否,,,,
1355,LI0000163,329bedd8c5a55427d1cfb5d38f8abea17734e329a1e68a774c5be77b490904bb,Yes,"入院记录,检查",东肝,治疗与操作,多期增强扫描分期,MES_STAGE,通过多次增强CT或MRI扫描得出的癌症分期。,Multi-phase Enhanced Scanning Stage,,,,,临床研究通用数据元素集(CRCDE),数据元标准,CCDE.99.00.0000442.01.01,东肝,CT检查结果：延迟期是否增强,,SI1114866,上海东方肝胆医院院级临床研究数据集:ZB_YCQSFZQ,,,,,枚举,,,,,,0=否；1=是,否,,,,
1358,LI0000163,329bedd8c5a55427d1cfb5d38f8abea17734e329a1e68a774c5be77b490904bb,Yes,"入院记录,检查",东肝,治疗与操作,多期增强扫描分期,MES_STAGE,通过多次增强CT或MRI扫描得出的癌症分期。,Multi-phase Enhanced Scanning Stage,,,,,临床研究通用数据元素集(CRCDE),数据元标准,CCDE.99.00.0000434.01.01,东肝,CT检查结果：静脉期是否增强,,SI1114858,上海东方肝胆医院院级临床研究数据集:ZB_JMQSFZQ,,,,,枚举,,,,,,0=否；1=是,否,,,,
1361,LI0000163,329bedd8c5a55427d1cfb5d38f8abea17734e329a1e68a774c5be77b490904bb,Yes,"入院记录,检查",东肝,治疗与操作,多期增强扫描分期,MES_STAGE,通过多次增强CT或MRI扫描得出的癌症分期。,Multi-phase Enhanced Scanning Stage,,,,,临床研究通用数据元素集(CRCDE),数据元标准,CCDE.99.00.0000432.01.01,东肝,CT检查结果：动脉期是否增强,,SI1114856,上海东方肝胆医院院级临床研究数据集:ZB_DMQSFZQ,,,,,枚举,,,,,,0=否；1=是,否,,,,
1364,LI0000163,329bedd8c5a55427d1cfb5d38f8abea17734e329a1e68a774c5be77b490904bb,Yes,"入院记录,检查",东肝,治疗与操作,多期增强扫描分期,MES_STAGE,通过多次增强CT或MRI扫描得出的癌症分期。,Multi-phase Enhanced Scanning Stage,,,,,临床研究通用数据元素集(CRCDE),数据元标准,CCDE.99.00.0000436.01.01,东肝,CT检查结果：平扫期是否增强,,SI1114860,上海东方肝胆医院院级临床研究数据集:ZB_PSQSFZQ,,,,,枚举,,,,,,0=否；1=是,否,,,,
1367,LI0000164,0924ea340e1290a86721fa1c21c3784539d0e6e98ea71b54bbba2c89e617765a,Yes,日常病程,东肝,治疗与操作,操作名称,OP_NAME,对患者实施的具体治疗或操作的名称，如PMCT、TAE等,Operation Name,,,,,临床研究通用数据元素集(CRCDE),数据元标准,CCDE.99.00.0000598.01.01,东肝,TACE（肝动脉插管化疗栓塞术）术的手术记录,,SI1115026,上海东方肝胆医院院级临床研究数据集:ZB_TACE,,,,,枚举,,,,,,0=否；1=是,否,,,,
1370,LI0000164,0924ea340e1290a86721fa1c21c3784539d0e6e98ea71b54bbba2c89e617765a,Yes,日常病程,东肝,治疗与操作,操作名称,OP_NAME,对患者实施的具体治疗或操作的名称，如PMCT、TAE等,Operation Name,,,,,临床研究通用数据元素集(CRCDE),数据元标准,CCDE.99.00.0000595.01.01,东肝,PMCT（经皮微波凝固治疗）术的手术记录,,SI1115023,上海东方肝胆医院院级临床研究数据集:ZB_PMCT,,,,,枚举,,,,,,0=否；1=是,否,,,,
1373,LI0000164,0924ea340e1290a86721fa1c21c3784539d0e6e98ea71b54bbba2c89e617765a,Yes,日常病程,东肝,治疗与操作,操作名称,OP_NAME,对患者实施的具体治疗或操作的名称，如PMCT、TAE等,Operation Name,,,,,临床研究通用数据元素集(CRCDE),数据元标准,CCDE.07.99.0000070.01.01,上海医联,检查方式,,SI1102619,上海东方肝胆医院院级临床研究数据集:ZB_SQXGJC_JCFS,,,,,枚举,,,,,,1=胃镜；2=上消化道钡餐；3=术中所见,否,,,,
1377,LI0000164,0924ea340e1290a86721fa1c21c3784539d0e6e98ea71b54bbba2c89e617765a,Yes,日常病程,东肝,治疗与操作,操作名称,OP_NAME,对患者实施的具体治疗或操作的名称，如PMCT、TAE等,Operation Name,,,,,临床研究通用数据元素集(CRCDE),数据元标准,CCDE.99.00.0000597.01.01,东肝,PVE（门静脉栓塞术）术的手术记录,,SI1115025,上海东方肝胆医院院级临床研究数据集:ZB_PVE,,,,,枚举,,,,,,0=否；1=是,否,,,,
1380,LI0000164,0924ea340e1290a86721fa1c21c3784539d0e6e98ea71b54bbba2c89e617765a,Yes,日常病程,东肝,治疗与操作,操作名称,OP_NAME,对患者实施的具体治疗或操作的名称，如PMCT、TAE等,Operation Name,,,,,临床研究通用数据元素集(CRCDE),数据元标准,CCDE.99.00.0000596.01.01,东肝,PRFA（经皮射频消融术）术手的手术记录。,,SI1115024,上海东方肝胆医院院级临床研究数据集:ZB_PRFA,,,,,枚举,,,,,,0=否；1=是,否,,,,
1383,LI0000164,0924ea340e1290a86721fa1c21c3784539d0e6e98ea71b54bbba2c89e617765a,Yes,日常病程,东肝,治疗与操作,操作名称,OP_NAME,对患者实施的具体治疗或操作的名称，如PMCT、TAE等,Operation Name,,,,,临床研究通用数据元素集(CRCDE),数据元标准,CCDE.99.00.0000594.01.01,东肝,PEIT（经皮乙醇注射治疗）术的手术记录,,SI1115022,上海东方肝胆医院院级临床研究数据集:ZB_PEIT,,,,,枚举,,,,,,0=否；1=是,否,,,,
1387,LI0000166,febd8c41743e1b9d9093753545d267ad9ef4984e307430b2cce9c7a3e9d6e84e,Yes,手术记录,"东肝,九院",检查与检测,出血量,BLEED_VOLUME,描述出血的量，通常需要指定单位（如毫升）。,Volume of Bleeding,,,,,临床研究通用数据元素集(CRCDE),数据元标准,CCDE.99.00.0000572.01.01,东肝,术中出血量,,SI1115000,上海东方肝胆医院院级临床研究数据集:ZB_SZCXL;上海九院临床研究数据元素集:SZCXL;上海市胸科医院肺癌临床研究数据集:SZCXL,,,,,小数,,6,2,ml,,,,,,,
1395,LI0000167,2227f30a74fcb2ca57de75c58ee536904c99e6ace1627f7581d1438f6f9e4c3e,Yes,"日常病程,手术记录",东肝,检查与检测,输血标志,TRANSFUSION_IND,标识是否进行过输血。,Blood Transfusion Indicator,,,,,临床研究通用数据元素集(CRCDE),数据元标准,CCDE.03.11.0000005.01.01,卫健委;九院;东肝,输血史,患者既往输血史的详细描述,SI1107109,WS 372.1-2012:DE06.00.106.00;UDE数据标准:UDE0075314;上海东方肝胆医院院级临床研究数据集:SXSMS;合肥肿瘤医院院级临床研究数据集:SXSMS,,,,,文本,1000,,,,,,,,,,
1399,LI0000167,2227f30a74fcb2ca57de75c58ee536904c99e6ace1627f7581d1438f6f9e4c3e,Yes,"日常病程,手术记录",东肝,检查与检测,输血标志,TRANSFUSION_IND,标识是否进行过输血。,Blood Transfusion Indicator,,,,,临床研究通用数据元素集(CRCDE),数据元标准,CCDE.03.11.0000004.01.01,卫健委,输血史标识代码,既往有无输血经历的分类代码,SI1103854,WS/T 500.1-2016:DE06.00.106.00;上海东方肝胆医院院级临床研究数据集:ZB_SXS,,,1.无2.有9.未说明,,枚举,,,,,,0=无；1=有,否,,,,
1402,LI0000167,2227f30a74fcb2ca57de75c58ee536904c99e6ace1627f7581d1438f6f9e4c3e,Yes,"日常病程,手术记录",东肝,检查与检测,输血标志,TRANSFUSION_IND,标识是否进行过输血。,Blood Transfusion Indicator,,,,,临床研究通用数据元素集(CRCDE),数据元标准,CCDE.99.00.0000569.01.01,东肝,术后输血,,SI1114997,上海东方肝胆医院院级临床研究数据集:ZB_SHSX;合肥肿瘤医院院级临床研究数据集:SHSX,,,,,枚举,,,,,,0=否；1=是,否,,,,
1406,LI0000167,2227f30a74fcb2ca57de75c58ee536904c99e6ace1627f7581d1438f6f9e4c3e,Yes,"日常病程,手术记录",东肝,检查与检测,输血标志,TRANSFUSION_IND,标识是否进行过输血。,Blood Transfusion Indicator,,,,,临床研究通用数据元素集(CRCDE),数据元标准,CCDE.99.00.0000573.01.01,东肝,术中输血,,SI1115001,上海东方肝胆医院院级临床研究数据集:ZB_SZSX,,,,,枚举,,,,,,0=否；1=是,否,,,,
1417,LI0000168,b3041fac1bfc91bad31dd29428e7e044c3a45579fa4a7403b5bddeaa46b39862,Yes,"日常病程,手术记录",东肝,检查与检测,输血类型,TRANSFUSION_TYPE,可能包括全血、红细胞、血小板等不同类型。,Type of Blood Transfusion,,,,,临床研究通用数据元素集(CRCDE),数据元标准,CCDE.99.00.0000574.01.01,东肝,术中输血_红细胞悬液,,SI1115002,上海东方肝胆医院院级临床研究数据集:ZB_SZSX_HXBXY,,,,,小数,,6,2,ml,,,,,,,
1421,LI0000168,b3041fac1bfc91bad31dd29428e7e044c3a45579fa4a7403b5bddeaa46b39862,Yes,"日常病程,手术记录",东肝,检查与检测,输血类型,TRANSFUSION_TYPE,可能包括全血、红细胞、血小板等不同类型。,Type of Blood Transfusion,,,,,临床研究通用数据元素集(CRCDE),数据元标准,CCDE.99.00.0000575.01.01,东肝,术中输血_血浆,,SI1115003,上海东方肝胆医院院级临床研究数据集:ZB_SZSX_XJ,,,,,小数,,6,2,ml,,,,,,,
1425,LI0000168,b3041fac1bfc91bad31dd29428e7e044c3a45579fa4a7403b5bddeaa46b39862,Yes,"日常病程,手术记录",东肝,检查与检测,输血类型,TRANSFUSION_TYPE,可能包括全血、红细胞、血小板等不同类型。,Type of Blood Transfusion,,,,,临床研究通用数据元素集(CRCDE),数据元标准,CCDE.99.00.0000570.01.01,东肝,术后输血_红细胞悬液,,SI1114998,上海东方肝胆医院院级临床研究数据集:ZB_SHSX_HXBXY,,,,,小数,,6,2,ml,,,,,,,
1428,LI0000168,b3041fac1bfc91bad31dd29428e7e044c3a45579fa4a7403b5bddeaa46b39862,Yes,"日常病程,手术记录",东肝,检查与检测,输血类型,TRANSFUSION_TYPE,可能包括全血、红细胞、血小板等不同类型。,Type of Blood Transfusion,,,,,临床研究通用数据元素集(CRCDE),数据元标准,CCDE.99.00.0000573.01.01,东肝,术中输血,,SI1115001,上海东方肝胆医院院级临床研究数据集:ZB_SZSX,,,,,枚举,,,,,,0=否；1=是,否,,,,
1433,LI0000168,b3041fac1bfc91bad31dd29428e7e044c3a45579fa4a7403b5bddeaa46b39862,Yes,"日常病程,手术记录",东肝,检查与检测,输血类型,TRANSFUSION_TYPE,可能包括全血、红细胞、血小板等不同类型。,Type of Blood Transfusion,,,,,临床研究通用数据元素集(CRCDE),数据元标准,CCDE.99.00.0000571.01.01,东肝,术后输血_血浆,,SI1114999,上海东方肝胆医院院级临床研究数据集:ZB_SHSX_XJ,,,,,小数,,6,2,ml,,,,,,,
1436,LI0000169,637663a9a118d78dec3c16b5ca65fc17f721b20cc9dfb109669a005549ca4807,Yes,"日常病程,手术记录",东肝,检查与检测,输血量,TRANSFUSION_VOL,记录输血的总量。,Volume of Blood Transfusion,,,,,临床研究通用数据元素集(CRCDE),数据元标准,CCDE.99.00.0000571.01.01,东肝,术后输血_血浆,,SI1114999,上海东方肝胆医院院级临床研究数据集:ZB_SHSX_XJ,,,,,小数,,6,2,ml,,,,,,,
1439,LI0000169,637663a9a118d78dec3c16b5ca65fc17f721b20cc9dfb109669a005549ca4807,Yes,"日常病程,手术记录",东肝,检查与检测,输血量,TRANSFUSION_VOL,记录输血的总量。,Volume of Blood Transfusion,,,,,临床研究通用数据元素集(CRCDE),数据元标准,CCDE.99.00.0000570.01.01,东肝,术后输血_红细胞悬液,,SI1114998,上海东方肝胆医院院级临床研究数据集:ZB_SHSX_HXBXY,,,,,小数,,6,2,ml,,,,,,,
1442,LI0000169,637663a9a118d78dec3c16b5ca65fc17f721b20cc9dfb109669a005549ca4807,Yes,"日常病程,手术记录",东肝,检查与检测,输血量,TRANSFUSION_VOL,记录输血的总量。,Volume of Blood Transfusion,,,,,临床研究通用数据元素集(CRCDE),数据元标准,CCDE.99.00.0000574.01.01,东肝,术中输血_红细胞悬液,,SI1115002,上海东方肝胆医院院级临床研究数据集:ZB_SZSX_HXBXY,,,,,小数,,6,2,ml,,,,,,,
1446,LI0000169,637663a9a118d78dec3c16b5ca65fc17f721b20cc9dfb109669a005549ca4807,Yes,"日常病程,手术记录",东肝,检查与检测,输血量,TRANSFUSION_VOL,记录输血的总量。,Volume of Blood Transfusion,,,,,临床研究通用数据元素集(CRCDE),数据元标准,CCDE.99.00.0000573.01.01,东肝,术中输血,,SI1115001,上海东方肝胆医院院级临床研究数据集:ZB_SZSX,,,,,枚举,,,,,,0=否；1=是,否,,,,
1451,LI0000169,637663a9a118d78dec3c16b5ca65fc17f721b20cc9dfb109669a005549ca4807,Yes,"日常病程,手术记录",东肝,检查与检测,输血量,TRANSFUSION_VOL,记录输血的总量。,Volume of Blood Transfusion,,,,,临床研究通用数据元素集(CRCDE),数据元标准,CCDE.99.00.0000575.01.01,东肝,术中输血_血浆,,SI1115003,上海东方肝胆医院院级临床研究数据集:ZB_SZSX_XJ,,,,,小数,,6,2,ml,,,,,,,
1477,LI0000182,3158f9f932924ff76336ea68b8b74229aff64a19a1ad77bcae3ae7eef1294d1e,Yes,日常病程,东肝,治疗与操作,检查方式,EXAM_METHOD,指医生或医疗技术人员为获取患者生理、病理或解剖信息，所采用的具体技术、仪器或操作方法,Examination Method,,,,,临床研究通用数据元素集(CRCDE),数据元标准,CCDE.07.99.0000070.01.01,上海医联,检查方式,,SI1102619,上海东方肝胆医院院级临床研究数据集:ZB_SQXGJC_JCFS,,,,,枚举,,,,,,1=胃镜；2=上消化道钡餐；3=术中所见,否,,,,
1486,LI0000184,1dffe1041c9bfa447b95348ec0eaa6fbba1a300a6ba33e37b29476be98fa8484,Yes,入院记录,东肝,健康问题与诊断,复发时间,TTR,指患者在接受根治性治疗（如手术、放化疗）后，疾病重新出现的时间间隔。通常从治疗结束或手术之日算起，到影像学、病理或临床检查确认复发为止。,Time to Recurrence,,,,,临床研究通用数据元素集(CRCDE),数据元标准,CCDE.99.00.0000341.01.01,东肝,术后复发时间,,SI1114765,上海东方肝胆医院院级临床研究数据集:ZB_SHFFSJ,,,,,日期/时间,,,,,yyyy-MM-dd,,,,,,
1488,LI0000185,c47e76c14e39851b5a23edea24d8c3bc87b969965564d69a87d2e4149bc70ed4,Yes,入院记录,东肝,治疗与操作,降糖治疗,GC,指通过药物（如胰岛素、口服降糖药）、饮食管理、运动和血糖监测等手段，将糖尿病或高血糖患者的血糖水平维持在目标范围内，以预防急性并发症（如酮症酸中毒）和慢性并发症（如视网膜病变、肾病、神经病变）的综合治疗措施。,Glycemic Control,,,,,临床研究通用数据元素集(CRCDE),数据元标准,CCDE.99.00.0000563.01.01,东肝,糖尿病治疗方式,,SI1114991,上海东方肝胆医院院级临床研究数据集:ZB_TNBSZLFS,,,,,枚举,,,,,,0=未吃药仅饮食控制；1=口服降糖药；2=胰岛素,否,,,,
1495,LI0000195,8757d8789744a3d86ba3ea64ab58dbaf5bde8b3a86a39358223f7ea7c6e0df75,Yes,"日常病程,物理检查,现病史,手术记录,检查,病理检查","东肝,九院,胸科",解剖与病理信息,主要病变,PRIMARY_LESION,描述探查中发现的主要病变,Primary Lesion,解剖学部位、主要病灶、病灶类型,,,,临床研究通用数据元素集(CRCDE),数据元标准,CCDE.09.00.0000426.01.01,UDE,病理诊断,,SI1120503,UDE数据标准:UDE0084209;上海东方肝胆医院院级临床研究数据集:BLZD;合肥肿瘤医院院级临床研究数据集:BLZD,,,,,文本,11,,,,,,,,,,
1518,LI0000197,27180ecfdfed38063c8d4a09c631fc459229bba77d1ec6db50240afd9fb1ef23,Yes,"入院记录,现病史,既往史,手术记录","东肝,九院,胸科",治疗与操作,药品名称,DRUG_NAME,用于识别一种特定药物的正式或通用名称。,Drug Name,,,,,临床研究通用数据元素集(CRCDE),数据元标准,CCDE.99.00.0000387.01.01,东肝,术中中人氟安化疗有无其他药物,,SI1114811,上海东方肝胆医院院级临床研究数据集:ZB_SZZRFAHLYWQTYW,,,,,枚举,,,,,,0=无；1=有,,,,,
1530,LI0000197,27180ecfdfed38063c8d4a09c631fc459229bba77d1ec6db50240afd9fb1ef23,Yes,"入院记录,现病史,既往史,手术记录","东肝,九院,胸科",治疗与操作,药品名称,DRUG_NAME,用于识别一种特定药物的正式或通用名称。,Drug Name,,,,,临床研究通用数据元素集(CRCDE),数据元标准,CCDE.99.00.0000386.01.01,东肝,术中中人氟安化疗其他药物,,SI1114810,上海东方肝胆医院院级临床研究数据集:ZB_SZZRFAHLQTYW,,,,,文本,100,,,,,,,,,,
1544,LI0000197,27180ecfdfed38063c8d4a09c631fc459229bba77d1ec6db50240afd9fb1ef23,Yes,"入院记录,现病史,既往史,手术记录","东肝,九院,胸科",治疗与操作,药品名称,DRUG_NAME,用于识别一种特定药物的正式或通用名称。,Drug Name,,,,,临床研究通用数据元素集(CRCDE),数据元标准,CCDE.99.00.0000576.01.01,东肝,术中中人氟安化疗,,SI1115004,上海东方肝胆医院院级临床研究数据集:ZB_SZZRFAHL,,,,,枚举,,,,,,0=无；1=有,否,,,,
1548,LI0000197,27180ecfdfed38063c8d4a09c631fc459229bba77d1ec6db50240afd9fb1ef23,Yes,"入院记录,现病史,既往史,手术记录","东肝,九院,胸科",治疗与操作,药品名称,DRUG_NAME,用于识别一种特定药物的正式或通用名称。,Drug Name,,,,,临床研究通用数据元素集(CRCDE),数据元标准,CCDE.99.00.0000558.01.01,东肝,抗病毒治疗,,SI1114986,上海东方肝胆医院院级临床研究数据集:ZB_KBDZL,,,,,枚举,,,,,,0=否；1=拉米夫定；2=阿德福韦；3=替比夫定；4=恩替卡韦；5=拉米夫定+阿德福韦；6=干扰素；7=无法区分药物种类；8=替诺福韦,否,,,,
1551,LI0000198,e9eb3878669948eb04314343e2941faecbac522b715447bbf0b562c313eea660,Yes,"日常病程,入院记录",东肝,健康问题与诊断,并发症,COMP,患者所出现的并发症名称和症状，如伤口感染、脓肿、出血、肠梗阻等,Complications,,,,,临床研究通用数据元素集(CRCDE),数据元标准,CCDE.07.00.0000814.01.01,上海东方肝胆医院院级临床研究数据集,门脉癌栓位置,,SI1121961,上海东方肝胆医院院级临床研究数据集:ZB_SZSJ_MMAS,,,,,枚举,,,,,,0=无；2=左支；3=右支；4=主干,否,,,,
1560,LI0000198,e9eb3878669948eb04314343e2941faecbac522b715447bbf0b562c313eea660,Yes,"日常病程,入院记录",东肝,健康问题与诊断,并发症,COMP,患者所出现的并发症名称和症状，如伤口感染、脓肿、出血、肠梗阻等,Complications,,,,,临床研究通用数据元素集(CRCDE),数据元标准,CCDE.09.00.0000504.01.01,上海东方肝胆医院院级临床研究数据集,术后并发症_出血（术后腹腔）,,SI1122480,上海东方肝胆医院院级临床研究数据集:ZB_SHBFZ_CXSHFQ,,,,,枚举,,,,,,0=无；1=有,否,,,,
1564,LI0000198,e9eb3878669948eb04314343e2941faecbac522b715447bbf0b562c313eea660,Yes,"日常病程,入院记录",东肝,健康问题与诊断,并发症,COMP,患者所出现的并发症名称和症状，如伤口感染、脓肿、出血、肠梗阻等,Complications,,,,,临床研究通用数据元素集(CRCDE),数据元标准,CCDE.09.00.0000491.01.01,上海东方肝胆医院院级临床研究数据集,术后并发症_气胸,,SI1122467,上海东方肝胆医院院级临床研究数据集:ZB_SHBFZ_QX,,,,,枚举,,,,,,0=无；1=有,否,,,,
1568,LI0000198,e9eb3878669948eb04314343e2941faecbac522b715447bbf0b562c313eea660,Yes,"日常病程,入院记录",东肝,健康问题与诊断,并发症,COMP,患者所出现的并发症名称和症状，如伤口感染、脓肿、出血、肠梗阻等,Complications,,,,,临床研究通用数据元素集(CRCDE),数据元标准,CCDE.09.00.0000503.01.01,上海东方肝胆医院院级临床研究数据集,术后并发症_胆管炎,,SI1122479,上海东方肝胆医院院级临床研究数据集:ZB_SHBFZ_DGY,,,,,枚举,,,,,,0=无；1=有,否,,,,
1572,LI0000198,e9eb3878669948eb04314343e2941faecbac522b715447bbf0b562c313eea660,Yes,"日常病程,入院记录",东肝,健康问题与诊断,并发症,COMP,患者所出现的并发症名称和症状，如伤口感染、脓肿、出血、肠梗阻等,Complications,,,,,临床研究通用数据元素集(CRCDE),数据元标准,CCDE.09.00.0000496.01.01,上海东方肝胆医院院级临床研究数据集,术后并发症_吻合口漏,,SI1122472,上海东方肝胆医院院级临床研究数据集:ZB_SHBFZ_WHKL,,,,,枚举,,,,,,0=无；1=有,否,,,,
1576,LI0000198,e9eb3878669948eb04314343e2941faecbac522b715447bbf0b562c313eea660,Yes,"日常病程,入院记录",东肝,健康问题与诊断,并发症,COMP,患者所出现的并发症名称和症状，如伤口感染、脓肿、出血、肠梗阻等,Complications,,,,,临床研究通用数据元素集(CRCDE),数据元标准,CCDE.11.00.0001524.01.01,卫健委;东肝;东肝,腹水标志,标识个体是否曾经出现腹水体征,SI1109106,WS 375.1-2012:DE02.10.017.00;UDE数据标准:UDE0075234;上海东方肝胆医院院级临床研究数据集:ZB_SHFF_FSYW;合肥肿瘤医院院级临床研究数据集:SFFS,,,,,枚举,,,,,,0=无；1=有,,,,,
1591,LI0000198,e9eb3878669948eb04314343e2941faecbac522b715447bbf0b562c313eea660,Yes,"日常病程,入院记录",东肝,健康问题与诊断,并发症,COMP,患者所出现的并发症名称和症状，如伤口感染、脓肿、出血、肠梗阻等,Complications,,,,,临床研究通用数据元素集(CRCDE),数据元标准,CCDE.09.00.0000507.01.01,上海东方肝胆医院院级临床研究数据集,术后并发症_肺炎,,SI1122483,上海东方肝胆医院院级临床研究数据集:ZB_SHBFZ_FY,,,,,枚举,,,,,,0=无；1=有,否,,,,
1595,LI0000198,e9eb3878669948eb04314343e2941faecbac522b715447bbf0b562c313eea660,Yes,"日常病程,入院记录",东肝,健康问题与诊断,并发症,COMP,患者所出现的并发症名称和症状，如伤口感染、脓肿、出血、肠梗阻等,Complications,,,,,临床研究通用数据元素集(CRCDE),数据元标准,CCDE.11.00.0001122.01.01,中山七院,手术后肠梗阻,,SI1106821,上海东方肝胆医院院级临床研究数据集:ZB_SHBFZ_CGZ,,,,,枚举,,,,,,0=无；1=有,否,,,,
1600,LI0000198,e9eb3878669948eb04314343e2941faecbac522b715447bbf0b562c313eea660,Yes,"日常病程,入院记录",东肝,健康问题与诊断,并发症,COMP,患者所出现的并发症名称和症状，如伤口感染、脓肿、出血、肠梗阻等,Complications,,,,,临床研究通用数据元素集(CRCDE),数据元标准,CCDE.09.00.0000494.01.01,上海东方肝胆医院院级临床研究数据集,术后并发症_肠穿孔,,SI1122470,上海东方肝胆医院院级临床研究数据集:ZB_SHBFZ_CCK,,,,,枚举,,,,,,0=无；1=有,否,,,,
1604,LI0000198,e9eb3878669948eb04314343e2941faecbac522b715447bbf0b562c313eea660,Yes,"日常病程,入院记录",东肝,健康问题与诊断,并发症,COMP,患者所出现的并发症名称和症状，如伤口感染、脓肿、出血、肠梗阻等,Complications,,,,,临床研究通用数据元素集(CRCDE),数据元标准,CCDE.09.00.0000490.01.01,上海东方肝胆医院院级临床研究数据集,术后并发症_脓毒症,,SI1122466,上海东方肝胆医院院级临床研究数据集:ZB_SHBFZ_NDZ,,,,,枚举,,,,,,0=无；1=有,否,,,,
1608,LI0000198,e9eb3878669948eb04314343e2941faecbac522b715447bbf0b562c313eea660,Yes,"日常病程,入院记录",东肝,健康问题与诊断,并发症,COMP,患者所出现的并发症名称和症状，如伤口感染、脓肿、出血、肠梗阻等,Complications,,,,,临床研究通用数据元素集(CRCDE),数据元标准,CCDE.09.00.0000516.01.01,上海东方肝胆医院院级临床研究数据集,术后并发症_骨盆脓肿,,SI1122492,上海东方肝胆医院院级临床研究数据集:ZB_SHBFZ_GPNZ,,,,,枚举,,,,,,0=无；1=有,否,,,,
1612,LI0000198,e9eb3878669948eb04314343e2941faecbac522b715447bbf0b562c313eea660,Yes,"日常病程,入院记录",东肝,健康问题与诊断,并发症,COMP,患者所出现的并发症名称和症状，如伤口感染、脓肿、出血、肠梗阻等,Complications,,,,,临床研究通用数据元素集(CRCDE),数据元标准,CCDE.09.00.0000500.01.01,上海东方肝胆医院院级临床研究数据集,术后并发症_胆管梗阻,,SI1122476,上海东方肝胆医院院级临床研究数据集:ZB_SHBFZ_DGGZ,,,,,枚举,,,,,,0=无；1=有,否,,,,
1616,LI0000198,e9eb3878669948eb04314343e2941faecbac522b715447bbf0b562c313eea660,Yes,"日常病程,入院记录",东肝,健康问题与诊断,并发症,COMP,患者所出现的并发症名称和症状，如伤口感染、脓肿、出血、肠梗阻等,Complications,,,,,临床研究通用数据元素集(CRCDE),数据元标准,CCDE.09.00.0000515.01.01,上海东方肝胆医院院级临床研究数据集,术后并发症_门脉栓塞,,SI1122491,上海东方肝胆医院院级临床研究数据集:ZB_SHBFZ_MMSS,,,,,枚举,,,,,,0=无；1=有,否,,,,
1620,LI0000198,e9eb3878669948eb04314343e2941faecbac522b715447bbf0b562c313eea660,Yes,"日常病程,入院记录",东肝,健康问题与诊断,并发症,COMP,患者所出现的并发症名称和症状，如伤口感染、脓肿、出血、肠梗阻等,Complications,,,,,临床研究通用数据元素集(CRCDE),数据元标准,CCDE.09.00.0000492.01.01,上海东方肝胆医院院级临床研究数据集,术后并发症_肺栓塞,,SI1122468,上海东方肝胆医院院级临床研究数据集:ZB_SHBFZ_FSS,,,,,枚举,,,,,,0=无；1=有,否,,,,
1624,LI0000198,e9eb3878669948eb04314343e2941faecbac522b715447bbf0b562c313eea660,Yes,"日常病程,入院记录",东肝,健康问题与诊断,并发症,COMP,患者所出现的并发症名称和症状，如伤口感染、脓肿、出血、肠梗阻等,Complications,,,,,临床研究通用数据元素集(CRCDE),数据元标准,CCDE.09.00.0000511.01.01,上海东方肝胆医院院级临床研究数据集,术后并发症_肝衰竭,,SI1122487,上海东方肝胆医院院级临床研究数据集:ZB_SHBFZ_GSJ,,,,,枚举,,,,,,0=无；1=有,否,,,,
1628,LI0000198,e9eb3878669948eb04314343e2941faecbac522b715447bbf0b562c313eea660,Yes,"日常病程,入院记录",东肝,健康问题与诊断,并发症,COMP,患者所出现的并发症名称和症状，如伤口感染、脓肿、出血、肠梗阻等,Complications,,,,,临床研究通用数据元素集(CRCDE),数据元标准,CCDE.09.00.0000499.01.01,上海东方肝胆医院院级临床研究数据集,术后并发症_呼吸功能不全,,SI1122475,上海东方肝胆医院院级临床研究数据集:ZB_SHBFZ_HXGNBQ,,,,,枚举,,,,,,0=无；1=有,否,,,,
1632,LI0000198,e9eb3878669948eb04314343e2941faecbac522b715447bbf0b562c313eea660,Yes,"日常病程,入院记录",东肝,健康问题与诊断,并发症,COMP,患者所出现的并发症名称和症状，如伤口感染、脓肿、出血、肠梗阻等,Complications,,,,,临床研究通用数据元素集(CRCDE),数据元标准,CCDE.09.00.0000506.01.01,上海东方肝胆医院院级临床研究数据集,术后并发症_胸腔积液,,SI1122482,上海东方肝胆医院院级临床研究数据集:ZB_SHBFZ_XQJY,,,,,枚举,,,,,,0=无；1=有,否,,,,
1636,LI0000198,e9eb3878669948eb04314343e2941faecbac522b715447bbf0b562c313eea660,Yes,"日常病程,入院记录",东肝,健康问题与诊断,并发症,COMP,患者所出现的并发症名称和症状，如伤口感染、脓肿、出血、肠梗阻等,Complications,,,,,临床研究通用数据元素集(CRCDE),数据元标准,CCDE.11.00.0001521.01.01,卫健委,手术后其它并发症,标识患者实施手术操作后有无并发症发生的类别,SI1109011,WS 377.1-2013:DE06.00.096.00;UDE数据标准:UDE0076510;上海东方肝胆医院院级临床研究数据集:ZB_SHBFZ_QT,,,,,枚举,,,,,,是;否,否,,,,
1642,LI0000198,e9eb3878669948eb04314343e2941faecbac522b715447bbf0b562c313eea660,Yes,"日常病程,入院记录",东肝,健康问题与诊断,并发症,COMP,患者所出现的并发症名称和症状，如伤口感染、脓肿、出血、肠梗阻等,Complications,,,,,临床研究通用数据元素集(CRCDE),数据元标准,CCDE.09.00.0000510.01.01,上海东方肝胆医院院级临床研究数据集,术后并发症_膈下积液,,SI1122486,上海东方肝胆医院院级临床研究数据集:ZB_SHBFZ_GXJY,,,,,枚举,,,,,,0=无；1=有,否,,,,
1646,LI0000198,e9eb3878669948eb04314343e2941faecbac522b715447bbf0b562c313eea660,Yes,"日常病程,入院记录",东肝,健康问题与诊断,并发症,COMP,患者所出现的并发症名称和症状，如伤口感染、脓肿、出血、肠梗阻等,Complications,,,,,临床研究通用数据元素集(CRCDE),数据元标准,CCDE.09.00.0000502.01.01,上海东方肝胆医院院级临床研究数据集,术后并发症_肝脓肿,,SI1122478,上海东方肝胆医院院级临床研究数据集:ZB_SHBFZ_GNZ,,,,,枚举,,,,,,0=无；1=有,否,,,,
1650,LI0000198,e9eb3878669948eb04314343e2941faecbac522b715447bbf0b562c313eea660,Yes,"日常病程,入院记录",东肝,健康问题与诊断,并发症,COMP,患者所出现的并发症名称和症状，如伤口感染、脓肿、出血、肠梗阻等,Complications,,,,,临床研究通用数据元素集(CRCDE),数据元标准,CCDE.09.00.0000488.01.01,上海东方肝胆医院院级临床研究数据集,术后并发症_心功能不全,,SI1122464,上海东方肝胆医院院级临床研究数据集:ZB_SHBFZ_XGNBQ,,,,,枚举,,,,,,0=无；1=有,否,,,,
1654,LI0000198,e9eb3878669948eb04314343e2941faecbac522b715447bbf0b562c313eea660,Yes,"日常病程,入院记录",东肝,健康问题与诊断,并发症,COMP,患者所出现的并发症名称和症状，如伤口感染、脓肿、出血、肠梗阻等,Complications,,,,,临床研究通用数据元素集(CRCDE),数据元标准,CCDE.07.00.0000236.01.01,UDE,食管胃底静脉曲张标志,,SI1117087,UDE数据标准:UDE0080009;上海东方肝胆医院院级临床研究数据集:ZB_SQXGJC_SDWDJMQZ,,,,,枚举,,,,,,0=无；1=轻；2=中；3=重；4=未查,,,,,
1663,LI0000198,e9eb3878669948eb04314343e2941faecbac522b715447bbf0b562c313eea660,Yes,"日常病程,入院记录",东肝,健康问题与诊断,并发症,COMP,患者所出现的并发症名称和症状，如伤口感染、脓肿、出血、肠梗阻等,Complications,,,,,临床研究通用数据元素集(CRCDE),数据元标准,CCDE.09.00.0000512.01.01,上海东方肝胆医院院级临床研究数据集,术后并发症_肾衰,,SI1122488,上海东方肝胆医院院级临床研究数据集:ZB_SHBFZ_SS,,,,,枚举,,,,,,0=无；1=有,否,,,,
1667,LI0000198,e9eb3878669948eb04314343e2941faecbac522b715447bbf0b562c313eea660,Yes,"日常病程,入院记录",东肝,健康问题与诊断,并发症,COMP,患者所出现的并发症名称和症状，如伤口感染、脓肿、出血、肠梗阻等,Complications,,,,,临床研究通用数据元素集(CRCDE),数据元标准,CCDE.09.00.0000497.01.01,上海东方肝胆医院院级临床研究数据集,术后并发症_切口裂开/筋膜裂开,,SI1122473,上海东方肝胆医院院级临床研究数据集:ZB_SHBFZ_QKLKJMLK,,,,,枚举,,,,,,0=无；1=有,否,,,,
1671,LI0000198,e9eb3878669948eb04314343e2941faecbac522b715447bbf0b562c313eea660,Yes,"日常病程,入院记录",东肝,健康问题与诊断,并发症,COMP,患者所出现的并发症名称和症状，如伤口感染、脓肿、出血、肠梗阻等,Complications,,,,,临床研究通用数据元素集(CRCDE),数据元标准,CCDE.09.00.0000508.01.01,上海东方肝胆医院院级临床研究数据集,术后并发症_胃肠出血,,SI1122484,上海东方肝胆医院院级临床研究数据集:ZB_SHBFZ_WCCX,,,,,枚举,,,,,,0=无；1=有,否,,,,
1675,LI0000198,e9eb3878669948eb04314343e2941faecbac522b715447bbf0b562c313eea660,Yes,"日常病程,入院记录",东肝,健康问题与诊断,并发症,COMP,患者所出现的并发症名称和症状，如伤口感染、脓肿、出血、肠梗阻等,Complications,,,,,临床研究通用数据元素集(CRCDE),数据元标准,CCDE.09.00.0000501.01.01,上海东方肝胆医院院级临床研究数据集,术后并发症_腹腔内脓肿(不含肝脓肿),,SI1122477,上海东方肝胆医院院级临床研究数据集:ZB_SHBFZ_FQNNZBHGNZ,,,,,枚举,,,,,,0=无；1=有,否,,,,
1679,LI0000198,e9eb3878669948eb04314343e2941faecbac522b715447bbf0b562c313eea660,Yes,"日常病程,入院记录",东肝,健康问题与诊断,并发症,COMP,患者所出现的并发症名称和症状，如伤口感染、脓肿、出血、肠梗阻等,Complications,,,,,临床研究通用数据元素集(CRCDE),数据元标准,CCDE.09.00.0000514.01.01,上海东方肝胆医院院级临床研究数据集,术后并发症_胆汁漏,,SI1122490,上海东方肝胆医院院级临床研究数据集:ZB_SHBFZ_DZL,,,,,枚举,,,,,,0=无；1=有,否,,,,
1683,LI0000198,e9eb3878669948eb04314343e2941faecbac522b715447bbf0b562c313eea660,Yes,"日常病程,入院记录",东肝,健康问题与诊断,并发症,COMP,患者所出现的并发症名称和症状，如伤口感染、脓肿、出血、肠梗阻等,Complications,,,,,临床研究通用数据元素集(CRCDE),数据元标准,CCDE.09.00.0000505.01.01,上海东方肝胆医院院级临床研究数据集,术后并发症_伤口感染/手术部位感染,,SI1122481,上海东方肝胆医院院级临床研究数据集:ZB_SHBFZ_SKGRSSBWGR,,,,,枚举,,,,,,0=无；1=有,否,,,,
1687,LI0000198,e9eb3878669948eb04314343e2941faecbac522b715447bbf0b562c313eea660,Yes,"日常病程,入院记录",东肝,健康问题与诊断,并发症,COMP,患者所出现的并发症名称和症状，如伤口感染、脓肿、出血、肠梗阻等,Complications,,,,,临床研究通用数据元素集(CRCDE),数据元标准,CCDE.99.00.0000344.01.01,东肝,肝静脉癌栓部位,,SI1114768,上海东方肝胆医院院级临床研究数据集:ZB_SZSJ_GJMAS,,,,,枚举,,,,,,0=无；2=左支；3=右支；4=主干,否,,,,
1694,LI0000198,e9eb3878669948eb04314343e2941faecbac522b715447bbf0b562c313eea660,Yes,"日常病程,入院记录",东肝,健康问题与诊断,并发症,COMP,患者所出现的并发症名称和症状，如伤口感染、脓肿、出血、肠梗阻等,Complications,,,,,临床研究通用数据元素集(CRCDE),数据元标准,CCDE.99.00.0000347.01.01,东肝,腔静脉癌栓,,SI1114771,上海东方肝胆医院院级临床研究数据集:ZB_SHFF_QJMAS,,,,,枚举,,,,,,0=无；1=有,否,,,,
1698,LI0000198,e9eb3878669948eb04314343e2941faecbac522b715447bbf0b562c313eea660,Yes,"日常病程,入院记录",东肝,健康问题与诊断,并发症,COMP,患者所出现的并发症名称和症状，如伤口感染、脓肿、出血、肠梗阻等,Complications,,,,,临床研究通用数据元素集(CRCDE),数据元标准,CCDE.09.00.0000493.01.01,上海东方肝胆医院院级临床研究数据集,术后并发症_泌尿系统感染,,SI1122469,上海东方肝胆医院院级临床研究数据集:ZB_SHBFZ_MNXTGR,,,,,枚举,,,,,,0=无；1=有,否,,,,
1702,LI0000198,e9eb3878669948eb04314343e2941faecbac522b715447bbf0b562c313eea660,Yes,"日常病程,入院记录",东肝,健康问题与诊断,并发症,COMP,患者所出现的并发症名称和症状，如伤口感染、脓肿、出血、肠梗阻等,Complications,,,,,临床研究通用数据元素集(CRCDE),数据元标准,CCDE.09.00.0000509.01.01,上海东方肝胆医院院级临床研究数据集,术后并发症_肺不张,,SI1122485,上海东方肝胆医院院级临床研究数据集:ZB_SHBFZ_FBZ,,,,,枚举,,,,,,0=无；1=有,否,,,,
1710,LI0000199,e93433f4f1883ad249ea2aceb83a46f960a713314ecfae55a4e784a0aab64cd8,Yes,"物理检查,诊断,入院记录,现病史,既往史,手术记录","东肝,九院,胸科",健康问题与诊断,疾病名称,DIS_NAME,诊断出的具体疾病名，这里主要关注肝癌及其相关病症。,Disease Name,"既往黏膜病史, 高血压, 冠心病, 糖尿病, 血液系统疾病, 其他肿瘤史, 术前诊断为肝内胆管癌",,,,临床研究通用数据元素集(CRCDE),数据元标准,CCDE.09.99.0000029.01.01,中山七院;东肝,肝硬化,,SI1103434,UDE数据标准:UDE0079958;上海东方肝胆医院院级临床研究数据集:ZB_SQXGJC_GYH;合肥肿瘤医院院级临床研究数据集:SFGYH,,,,,枚举,,,,,,0=无；1=有,否,,,,
1727,LI0000199,e93433f4f1883ad249ea2aceb83a46f960a713314ecfae55a4e784a0aab64cd8,Yes,"物理检查,诊断,入院记录,现病史,既往史,手术记录","东肝,九院,胸科",健康问题与诊断,疾病名称,DIS_NAME,诊断出的具体疾病名，这里主要关注肝癌及其相关病症。,Disease Name,"既往黏膜病史, 高血压, 冠心病, 糖尿病, 血液系统疾病, 其他肿瘤史, 术前诊断为肝内胆管癌",,,,临床研究通用数据元素集(CRCDE),数据元标准,CCDE.99.00.0000362.01.01,东肝,肝性脑病,,SI1114786,上海东方肝胆医院院级临床研究数据集:ZB_GXNB,,,,,枚举,,,,,,0=无；1=过去曾有；2=已纠正；3=未纠正,否,,,,
1733,LI0000199,e93433f4f1883ad249ea2aceb83a46f960a713314ecfae55a4e784a0aab64cd8,Yes,"物理检查,诊断,入院记录,现病史,既往史,手术记录","东肝,九院,胸科",健康问题与诊断,疾病名称,DIS_NAME,诊断出的具体疾病名，这里主要关注肝癌及其相关病症。,Disease Name,"既往黏膜病史, 高血压, 冠心病, 糖尿病, 血液系统疾病, 其他肿瘤史, 术前诊断为肝内胆管癌",,,,临床研究通用数据元素集(CRCDE),数据元标准,CCDE.99.00.0000363.01.01,东肝,肝硬化史,,SI1114787,上海东方肝胆医院院级临床研究数据集:ZB_GYHS,,,,,枚举,,,,,,0=无；1=有,否,,,,
1739,LI0000199,e93433f4f1883ad249ea2aceb83a46f960a713314ecfae55a4e784a0aab64cd8,Yes,"物理检查,诊断,入院记录,现病史,既往史,手术记录","东肝,九院,胸科",健康问题与诊断,疾病名称,DIS_NAME,诊断出的具体疾病名，这里主要关注肝癌及其相关病症。,Disease Name,"既往黏膜病史, 高血压, 冠心病, 糖尿病, 血液系统疾病, 其他肿瘤史, 术前诊断为肝内胆管癌",,,,临床研究通用数据元素集(CRCDE),数据元标准,CCDE.99.00.0000399.01.01,东肝,胆系疾病史名称,,SI1114823,上海东方肝胆医院院级临床研究数据集:ZB_DXJBSMC,,,,,文本,100,,,,,,,,,,
1742,LI0000199,e93433f4f1883ad249ea2aceb83a46f960a713314ecfae55a4e784a0aab64cd8,Yes,"物理检查,诊断,入院记录,现病史,既往史,手术记录","东肝,九院,胸科",健康问题与诊断,疾病名称,DIS_NAME,诊断出的具体疾病名，这里主要关注肝癌及其相关病症。,Disease Name,"既往黏膜病史, 高血压, 冠心病, 糖尿病, 血液系统疾病, 其他肿瘤史, 术前诊断为肝内胆管癌",,,,临床研究通用数据元素集(CRCDE),数据元标准,CCDE.99.00.0000375.01.01,东肝,上消化道出血,,SI1114799,上海东方肝胆医院院级临床研究数据集:ZB_SXHDCX,,,,,枚举,,,,,,0=无；1=曾有；2=活动性,否,,,,
1745,LI0000199,e93433f4f1883ad249ea2aceb83a46f960a713314ecfae55a4e784a0aab64cd8,Yes,"物理检查,诊断,入院记录,现病史,既往史,手术记录","东肝,九院,胸科",健康问题与诊断,疾病名称,DIS_NAME,诊断出的具体疾病名，这里主要关注肝癌及其相关病症。,Disease Name,"既往黏膜病史, 高血压, 冠心病, 糖尿病, 血液系统疾病, 其他肿瘤史, 术前诊断为肝内胆管癌",,,,临床研究通用数据元素集(CRCDE),数据元标准,CCDE.99.00.0000401.01.01,东肝,有无其他器质性疾病,,SI1114825,上海东方肝胆医院院级临床研究数据集:ZB_YWQTQZXJB,,,,,枚举,,,,,,0=无；1=有,,,,,
1749,LI0000199,e93433f4f1883ad249ea2aceb83a46f960a713314ecfae55a4e784a0aab64cd8,Yes,"物理检查,诊断,入院记录,现病史,既往史,手术记录","东肝,九院,胸科",健康问题与诊断,疾病名称,DIS_NAME,诊断出的具体疾病名，这里主要关注肝癌及其相关病症。,Disease Name,"既往黏膜病史, 高血压, 冠心病, 糖尿病, 血液系统疾病, 其他肿瘤史, 术前诊断为肝内胆管癌",,,,临床研究通用数据元素集(CRCDE),数据元标准,CCDE.99.00.0000361.01.01,东肝,胆系疾病史,,SI1114785,上海东方肝胆医院院级临床研究数据集:ZB_DXJBS,,,,,枚举,,,,,,0=无；1=有,否,,,,
1752,LI0000199,e93433f4f1883ad249ea2aceb83a46f960a713314ecfae55a4e784a0aab64cd8,Yes,"物理检查,诊断,入院记录,现病史,既往史,手术记录","东肝,九院,胸科",健康问题与诊断,疾病名称,DIS_NAME,诊断出的具体疾病名，这里主要关注肝癌及其相关病症。,Disease Name,"既往黏膜病史, 高血压, 冠心病, 糖尿病, 血液系统疾病, 其他肿瘤史, 术前诊断为肝内胆管癌",,,,临床研究通用数据元素集(CRCDE),数据元标准,CCDE.99.00.0000400.01.01,东肝,其他器质性疾病名称,,SI1114824,上海东方肝胆医院院级临床研究数据集:ZB_QTQZXJBMC,,,,,文本,20,,,,,,,,,,
1757,LI0000199,e93433f4f1883ad249ea2aceb83a46f960a713314ecfae55a4e784a0aab64cd8,Yes,"物理检查,诊断,入院记录,现病史,既往史,手术记录","东肝,九院,胸科",健康问题与诊断,疾病名称,DIS_NAME,诊断出的具体疾病名，这里主要关注肝癌及其相关病症。,Disease Name,"既往黏膜病史, 高血压, 冠心病, 糖尿病, 血液系统疾病, 其他肿瘤史, 术前诊断为肝内胆管癌",,,,临床研究通用数据元素集(CRCDE),数据元标准,CCDE.03.09.0000036.01.01,上海东方肝胆医院院级临床研究数据集,糖尿病史,,SI1121943,上海东方肝胆医院院级临床研究数据集:ZB_TNBS,,,,,枚举,,,,,,0=无；1=有,否,,,,
1760,LI0000199,e93433f4f1883ad249ea2aceb83a46f960a713314ecfae55a4e784a0aab64cd8,Yes,"物理检查,诊断,入院记录,现病史,既往史,手术记录","东肝,九院,胸科",健康问题与诊断,疾病名称,DIS_NAME,诊断出的具体疾病名，这里主要关注肝癌及其相关病症。,Disease Name,"既往黏膜病史, 高血压, 冠心病, 糖尿病, 血液系统疾病, 其他肿瘤史, 术前诊断为肝内胆管癌",,,,临床研究通用数据元素集(CRCDE),数据元标准,CCDE.09.00.0000489.01.01,上海东方肝胆医院院级临床研究数据集,术前诊断为肝内胆管癌,,SI1122465,上海东方肝胆医院院级临床研究数据集:ZB_SQICC,,,,,枚举,,,,,,1=是；0=否,否,,,,
1763,LI0000199,e93433f4f1883ad249ea2aceb83a46f960a713314ecfae55a4e784a0aab64cd8,Yes,"物理检查,诊断,入院记录,现病史,既往史,手术记录","东肝,九院,胸科",健康问题与诊断,疾病名称,DIS_NAME,诊断出的具体疾病名，这里主要关注肝癌及其相关病症。,Disease Name,"既往黏膜病史, 高血压, 冠心病, 糖尿病, 血液系统疾病, 其他肿瘤史, 术前诊断为肝内胆管癌",,,,临床研究通用数据元素集(CRCDE),数据元标准,CCDE.99.00.0000365.01.01,东肝,肝炎史,,SI1114789,上海东方肝胆医院院级临床研究数据集:ZB_GYS,,,,,枚举,,,,,,0=无；1=乙肝；2=丙肝；3=乙肝和丙肝混合,否,,,,
1766,LI0000205,498c621a5a324c6d7108fdc699043f81876fdd6b907c7d358d559c90a0f0afce,Yes,手术记录,"东肝,九院",健康问题与诊断,转移部位,MET_SITES,描述转移的具体部位，如膈肌，肝周韧带，大网膜，肾上腺，脾脏，或广泛转移,Metastasis Sites,,,,,临床研究通用数据元素集(CRCDE),数据元标准,CCDE.99.00.0000419.01.01,东肝,腹腔内转移情况其他,,SI1114843,上海东方肝胆医院院级临床研究数据集:ZB_FQNZYQKQT,,,,,文本,200,,,,,,,,,,
1770,LI0000205,498c621a5a324c6d7108fdc699043f81876fdd6b907c7d358d559c90a0f0afce,Yes,手术记录,"东肝,九院",健康问题与诊断,转移部位,MET_SITES,描述转移的具体部位，如膈肌，肝周韧带，大网膜，肾上腺，脾脏，或广泛转移,Metastasis Sites,,,,,临床研究通用数据元素集(CRCDE),数据元标准,CCDE.99.00.0000418.01.01,东肝,腹腔内转移情况,,SI1114842,上海东方肝胆医院院级临床研究数据集:ZB_FQNZYQK,,,,,枚举,,,,,,0=无；1=膈肌；2=肝周韧带；3=大网膜；4=肾上腺；5=脾脏；6=广泛转移,否,,,,
1776,LI0000207,3cd57af25dd7e140ce74a6c30589a42d80700839ec50475ced140066fd533738,Yes,"物理检查,病理,现病史,手术记录","东肝,九院,胸科",健康问题与诊断,转移标志,MET_IND,标识肿瘤是否存在转移,Metastasis Indicator,,,,,临床研究通用数据元素集(CRCDE),数据元标准,CCDE.99.00.0000418.01.01,东肝,腹腔内转移情况,,SI1114842,上海东方肝胆医院院级临床研究数据集:ZB_FQNZYQK,,,,,枚举,,,,,,0=无；1=膈肌；2=肝周韧带；3=大网膜；4=肾上腺；5=脾脏；6=广泛转移,否,,,,
1781,LI0000207,3cd57af25dd7e140ce74a6c30589a42d80700839ec50475ced140066fd533738,Yes,"物理检查,病理,现病史,手术记录","东肝,九院,胸科",健康问题与诊断,转移标志,MET_IND,标识肿瘤是否存在转移,Metastasis Indicator,,,,,临床研究通用数据元素集(CRCDE),数据元标准,CCDE.99.00.0000419.01.01,东肝,腹腔内转移情况其他,,SI1114843,上海东方肝胆医院院级临床研究数据集:ZB_FQNZYQKQT,,,,,文本,200,,,,,,,,,,
1787,LI0000208,e70dca850e0c5e72237a95d06794f08326ed54f5c03b6e98587c216cb8faca9e,Yes,"物理检查,病理,现病史,手术记录","东肝,九院,胸科",健康问题与诊断,侵犯标志,INV_IND,标识肿瘤是否侵犯周围组织或器官,Invasion Indicator,,,,,临床研究通用数据元素集(CRCDE),数据元标准,CCDE.99.00.0000420.01.01,东肝,肝门部侵犯,,SI1114844,上海东方肝胆医院院级临床研究数据集:ZB_GMBQF,,,,,枚举,,,,,,0=无；1=有,否,,,,
1791,LI0000209,389cb17606c51c4f866d32b3f9233c373fbb999087a0d933b1bbe7dd87629ce9,Yes,"影像检查,专科检查,物理检查,病理,病理诊断,现病史,手术记录","东肝,九院,胸科",健康问题与诊断,侵犯部位/类型,INV_SITES,侵犯发生于神经、胆管、血管或者包膜的情况或者侵犯的具体部位，如“肝门”、“膈肌”、“胆囊”、“血管”等。,Invasion Sites,"侵犯情况,累及部位,侵犯类型",,,,临床研究通用数据元素集(CRCDE),数据元标准,CCDE.99.00.0000450.01.01,东肝,术后病理_包膜侵犯,,SI1114875,上海东方肝胆医院院级临床研究数据集:ZB_SHBL_BMQF,,,,,枚举,,,,,,0=无；1=有,否,,,,
1795,LI0000209,389cb17606c51c4f866d32b3f9233c373fbb999087a0d933b1bbe7dd87629ce9,Yes,"影像检查,专科检查,物理检查,病理,病理诊断,现病史,手术记录","东肝,九院,胸科",健康问题与诊断,侵犯部位/类型,INV_SITES,侵犯发生于神经、胆管、血管或者包膜的情况或者侵犯的具体部位，如“肝门”、“膈肌”、“胆囊”、“血管”等。,Invasion Sites,"侵犯情况,累及部位,侵犯类型",,,,临床研究通用数据元素集(CRCDE),数据元标准,CCDE.99.00.0000505.01.01,东肝,门静脉血管侵犯分支,,SI1114930,上海东方肝胆医院院级临床研究数据集:ZB_XGQF2,,,,,枚举,,,,,,0=无；2=左支；3=右支；4=主干,否,,,,
1797,LI0000209,389cb17606c51c4f866d32b3f9233c373fbb999087a0d933b1bbe7dd87629ce9,Yes,"影像检查,专科检查,物理检查,病理,病理诊断,现病史,手术记录","东肝,九院,胸科",健康问题与诊断,侵犯部位/类型,INV_SITES,侵犯发生于神经、胆管、血管或者包膜的情况或者侵犯的具体部位，如“肝门”、“膈肌”、“胆囊”、“血管”等。,Invasion Sites,"侵犯情况,累及部位,侵犯类型",,,,临床研究通用数据元素集(CRCDE),数据元标准,CCDE.07.04.0000449.01.01,东肝,肉眼癌栓标志,标识肉眼可见是否有癌栓的标志,SI1110657,上海东方肝胆医院院级临床研究数据集:ZB_RYASBZ;合肥肿瘤医院院级临床研究数据集:RYASBZ,,,,,枚举,,,,,,1=是；0=否,否,,,,
1801,LI0000209,389cb17606c51c4f866d32b3f9233c373fbb999087a0d933b1bbe7dd87629ce9,Yes,"影像检查,专科检查,物理检查,病理,病理诊断,现病史,手术记录","东肝,九院,胸科",健康问题与诊断,侵犯部位/类型,INV_SITES,侵犯发生于神经、胆管、血管或者包膜的情况或者侵犯的具体部位，如“肝门”、“膈肌”、“胆囊”、“血管”等。,Invasion Sites,"侵犯情况,累及部位,侵犯类型",,,,临床研究通用数据元素集(CRCDE),数据元标准,CCDE.99.00.0000485.01.01,东肝,术后病理_神经侵犯,,SI1114910,上海东方肝胆医院院级临床研究数据集:ZB_SHBL_SJQF,,,,,文本,200,,,,,0=无；1=有,,,,,
1806,LI0000209,389cb17606c51c4f866d32b3f9233c373fbb999087a0d933b1bbe7dd87629ce9,Yes,"影像检查,专科检查,物理检查,病理,病理诊断,现病史,手术记录","东肝,九院,胸科",健康问题与诊断,侵犯部位/类型,INV_SITES,侵犯发生于神经、胆管、血管或者包膜的情况或者侵犯的具体部位，如“肝门”、“膈肌”、“胆囊”、“血管”等。,Invasion Sites,"侵犯情况,累及部位,侵犯类型",,,,临床研究通用数据元素集(CRCDE),数据元标准,CCDE.99.00.0000502.01.01,东肝,是否胆管侵犯,,SI1114927,上海东方肝胆医院院级临床研究数据集:ZB_DGQF,,,,,枚举,,,,,,0=无；1=有,否,,,,
1808,LI0000209,389cb17606c51c4f866d32b3f9233c373fbb999087a0d933b1bbe7dd87629ce9,Yes,"影像检查,专科检查,物理检查,病理,病理诊断,现病史,手术记录","东肝,九院,胸科",健康问题与诊断,侵犯部位/类型,INV_SITES,侵犯发生于神经、胆管、血管或者包膜的情况或者侵犯的具体部位，如“肝门”、“膈肌”、“胆囊”、“血管”等。,Invasion Sites,"侵犯情况,累及部位,侵犯类型",,,,临床研究通用数据元素集(CRCDE),数据元标准,CCDE.10.00.0000957.01.01,九院;东肝,血管侵犯,,SI1112467,上海东方肝胆医院院级临床研究数据集:ZB_XGQF1;上海九院临床研究数据元素集:XGQF,,,,,枚举,,,,,,0=无；1=有,否,,,,
1812,LI0000209,389cb17606c51c4f866d32b3f9233c373fbb999087a0d933b1bbe7dd87629ce9,Yes,"影像检查,专科检查,物理检查,病理,病理诊断,现病史,手术记录","东肝,九院,胸科",健康问题与诊断,侵犯部位/类型,INV_SITES,侵犯发生于神经、胆管、血管或者包膜的情况或者侵犯的具体部位，如“肝门”、“膈肌”、“胆囊”、“血管”等。,Invasion Sites,"侵犯情况,累及部位,侵犯类型",,,,临床研究通用数据元素集(CRCDE),数据元标准,CCDE.99.00.0000420.01.01,东肝,肝门部侵犯,,SI1114844,上海东方肝胆医院院级临床研究数据集:ZB_GMBQF,,,,,枚举,,,,,,0=无；1=有,否,,,,
1817,LI0000209,389cb17606c51c4f866d32b3f9233c373fbb999087a0d933b1bbe7dd87629ce9,Yes,"影像检查,专科检查,物理检查,病理,病理诊断,现病史,手术记录","东肝,九院,胸科",健康问题与诊断,侵犯部位/类型,INV_SITES,侵犯发生于神经、胆管、血管或者包膜的情况或者侵犯的具体部位，如“肝门”、“膈肌”、“胆囊”、“血管”等。,Invasion Sites,"侵犯情况,累及部位,侵犯类型",,,,临床研究通用数据元素集(CRCDE),数据元标准,CCDE.99.00.0000507.01.01,东肝,肉眼可见血管侵犯部位,,SI1114932,上海东方肝胆医院院级临床研究数据集:ZB_XGQFBW,,,,,文本,200,,,,,,,,,,
1820,LI0000213,d2c1a40918a8fe5f45449785453f42baef33889b60d26bc4c7f7fcfa8bfa77b9,Yes,"入院记录,个人史,现病史,既往史","东肝,胸科",个人基本信息,饮酒时长,ALCOHOL_DURA,个人持续饮酒的时间长度，通常以年为单位计算。,Duration of Alcohol Consumption,,,,,临床研究通用数据元素集(CRCDE),数据元标准,CCDE.04.04.0000010.01.01,卫健委;东肝,饮酒时长（年）,饮酒的累积时间长度，计量单位为年,SI1109105,WS 375.1-2012:DE03.00.077.00;UDE数据标准:UDE0075392;上海东方肝胆医院院级临床研究数据集:ZB_YYJNS;合肥肿瘤医院院级临床研究数据集:RYJYJCXSJ;上海九院临床研究数据元素集:RYJYJCXSJ;上海市胸科医院肺癌临床研究数据集:YYNS,,,,,文本,20,,,,,,,,,,
