序号,系统编码,标签版本,是否当前版本,适用文书类型,医院,所属标签包,标签名称,标签CODE,定义/描述,标签英文名,其他名称,来源,来源版本,来源编码,标准名称,标准类型,CDE编号,CDE来源,CReDEs-数据项,CReDEs-值域描述,原映射编码,交叉引用,CReDEs_限定范围,CReDEs_限定范围(英文),CReDEs_值域描述,CReDEs_值域描述(英文),数据类型,文本-长度,数字-长度,数字-精度,数字-单位,日期/时间,枚举-可选内容,枚举-是否多选,Unnamed: 35,Unnamed: 36,Unnamed: 37,Unnamed: 38
67,LI0000012,fea24f38a7c238d5f14fc07b02bc255e2f8f2c59eba4534adf65ce58ae1bbe34,Yes,"影像检查,专科检查,物理检查,病理,诊断,入院记录,现病史,手术记录,检查,病理检查,病理诊断","东肝,九院,胸科",解剖与病理信息,病变部位,LESION_LOC,记录检查中发现的病灶具体部位，如唇部、口底部、舌部、颊黏膜等。,Lesion Location,"病灶部位,发生部位",,,,临床研究通用数据元素集(CRCDE),数据元标准,CCDE.07.00.0000023.01.01,九院,解剖学部位,,SI1112433,上海九院临床研究数据元素集:JPXBW,,,,,文本,100,,,,,,,,,,
78,LI0000012,fea24f38a7c238d5f14fc07b02bc255e2f8f2c59eba4534adf65ce58ae1bbe34,Yes,"影像检查,专科检查,物理检查,病理,诊断,入院记录,现病史,手术记录,检查,病理检查,病理诊断","东肝,九院,胸科",解剖与病理信息,病变部位,LESION_LOC,记录检查中发现的病灶具体部位，如唇部、口底部、舌部、颊黏膜等。,Lesion Location,"病灶部位,发生部位",,,,临床研究通用数据元素集(CRCDE),数据元标准,CCDE.09.00.0000003.01.01,九院,头颈癌肿分类,,SI1112437,上海九院临床研究数据元素集:TJAZFL,,,,,枚举,,,,,,1=口腔癌；2=口咽癌；3=其他,否,,,,
81,LI0000012,fea24f38a7c238d5f14fc07b02bc255e2f8f2c59eba4534adf65ce58ae1bbe34,Yes,"影像检查,专科检查,物理检查,病理,诊断,入院记录,现病史,手术记录,检查,病理检查,病理诊断","东肝,九院,胸科",解剖与病理信息,病变部位,LESION_LOC,记录检查中发现的病灶具体部位，如唇部、口底部、舌部、颊黏膜等。,Lesion Location,"病灶部位,发生部位",,,,临床研究通用数据元素集(CRCDE),数据元标准,CCDE.07.00.0000019.01.01,九院,口腔病灶部位(ICD-O-3诊断部位),,SI1112429,上海九院临床研究数据元素集:KQBZBW,,,,,枚举,,,,,,1=唇部；2=颊部；3=舌体前2/3；4=上牙龈；5=下牙龈；6=舌根；7=口底；8=口咽；9=扁桃体；10=磨牙后区；11=软腭；12=硬腭；13=牙龈；14=累及多部位；15=其他,否,,,,
92,LI0000012,fea24f38a7c238d5f14fc07b02bc255e2f8f2c59eba4534adf65ce58ae1bbe34,Yes,"影像检查,专科检查,物理检查,病理,诊断,入院记录,现病史,手术记录,检查,病理检查,病理诊断","东肝,九院,胸科",解剖与病理信息,病变部位,LESION_LOC,记录检查中发现的病灶具体部位，如唇部、口底部、舌部、颊黏膜等。,Lesion Location,"病灶部位,发生部位",,,,临床研究通用数据元素集(CRCDE),数据元标准,CCDE.07.00.0000017.01.01,九院,原发灶部位,,SI1112427,上海九院临床研究数据元素集:YFZBW,,,,,枚举,,,,,,1=左侧；2=右侧；3=双侧,否,,,,
116,LI0000012,fea24f38a7c238d5f14fc07b02bc255e2f8f2c59eba4534adf65ce58ae1bbe34,Yes,"影像检查,专科检查,物理检查,病理,诊断,入院记录,现病史,手术记录,检查,病理检查,病理诊断","东肝,九院,胸科",解剖与病理信息,病变部位,LESION_LOC,记录检查中发现的病灶具体部位，如唇部、口底部、舌部、颊黏膜等。,Lesion Location,"病灶部位,发生部位",,,,临床研究通用数据元素集(CRCDE),数据元标准,CCDE.09.00.0000002.01.01,九院;东肝,头颈鳞癌组织学类型,,SI1112436,上海九院临床研究数据元素集:TJLAZZXFX,,,,,枚举,,,,,,1=鳞状细胞癌；2=其他,否,,,,
120,LI0000012,fea24f38a7c238d5f14fc07b02bc255e2f8f2c59eba4534adf65ce58ae1bbe34,Yes,"影像检查,专科检查,物理检查,病理,诊断,入院记录,现病史,手术记录,检查,病理检查,病理诊断","东肝,九院,胸科",解剖与病理信息,病变部位,LESION_LOC,记录检查中发现的病灶具体部位，如唇部、口底部、舌部、颊黏膜等。,Lesion Location,"病灶部位,发生部位",,,,临床研究通用数据元素集(CRCDE),数据元标准,CCDE.07.00.0000951.01.01,九院,是否有解剖学部位描述信息,,SI1123705,上海九院临床研究数据元素集:SFJPXMSXX,,,,,枚举,,,,,,0=无；1=有,否,,,,
205,LI0000019,09b41e70d0c621d0472c46b2754ebe48933e2763e5b0eae318d2757dad658e4a,Yes,"影像检查,专科检查,物理检查,病理,病理诊断,入院记录,现病史,手术记录,检查,病理检查","东肝,九院,胸科",解剖与病理信息,病变大小,LESION_SIZE,测量的病灶尺寸大小，通常通过横径纵径描述，或者通过直径描述。,Lesion Size,"病灶大小,原发灶大小",,,,临床研究通用数据元素集(CRCDE),数据元标准,CCDE.07.00.0000018.01.01,九院,原发灶大小分类,,SI1112428,上海九院临床研究数据元素集:YFZDXFL,,,,,枚举,,,,,,1=≤2；2=≤4（＞2）；3=＞4,否,,,,
210,LI0000019,09b41e70d0c621d0472c46b2754ebe48933e2763e5b0eae318d2757dad658e4a,Yes,"影像检查,专科检查,物理检查,病理,病理诊断,入院记录,现病史,手术记录,检查,病理检查","东肝,九院,胸科",解剖与病理信息,病变大小,LESION_SIZE,测量的病灶尺寸大小，通常通过横径纵径描述，或者通过直径描述。,Lesion Size,"病灶大小,原发灶大小",,,,临床研究通用数据元素集(CRCDE),数据元标准,CCDE.07.00.0000096.01.01,东肝;UDE,肿瘤最大直径,,SI1114934,UDE数据标准:UDE0080866;上海东方肝胆医院院级临床研究数据集:ZB_LENTH;上海九院临床研究数据元素集:LZ_ZJ;上海市胸科医院肺癌临床研究数据集:BZZJ,,,,,小数,,6,2,~,,,,,,,
225,LI0000019,09b41e70d0c621d0472c46b2754ebe48933e2763e5b0eae318d2757dad658e4a,Yes,"影像检查,专科检查,物理检查,病理,病理诊断,入院记录,现病史,手术记录,检查,病理检查","东肝,九院,胸科",解剖与病理信息,病变大小,LESION_SIZE,测量的病灶尺寸大小，通常通过横径纵径描述，或者通过直径描述。,Lesion Size,"病灶大小,原发灶大小",,,,临床研究通用数据元素集(CRCDE),数据元标准,CCDE.07.00.0000021.01.01,九院,口腔病灶大小,,SI1112431,上海九院临床研究数据元素集:KQBZDX,,,,,枚举,,,,,,1=≤2；2=≤4（＞2）；3=＞4,否,,,,
243,LI0000020,120603302fb4a83807bdd1819f862f8c981a1acb453d993def9ea76987c8b92f,Yes,"病理,病理诊断,诊断,现病史,病理检查","东肝,九院,胸科",解剖与病理信息,分化信息,DIFF_INFO,肿瘤细胞的分化程度（高分化、中分化、低分化、未分化），反映恶性程度。,Differentiation Information,分化程度,,,,临床研究通用数据元素集(CRCDE),数据元标准,CCDE.09.99.0000219.01.01,中山七院;九院,分化程度,,SI1107900,上海九院临床研究数据元素集:FHCD,,,,,枚举,,,,,,高分化；中分化；低分化；未分化；高中分化；中低分化,否,,,,
264,LI0000022,c08715c6f197d183075d4ecf81a0bca0534838e2fa9d42d294a543cdb9c4ca2c,Yes,"影像检查,专科检查,病理检查",九院,解剖与病理信息,病变方位,LESION_ORIENT,描述病灶在特定部位的具体方位，如左/右/双侧等。,Lesion Orientation,"病灶方位, 解剖学方位",九院-头颈肿瘤-鳞癌,,,临床研究通用数据元素集(CRCDE),数据元标准,CCDE.07.00.0000022.01.01,九院,解剖学方位,,SI1112432,上海九院临床研究数据元素集:JPXFW,,,,,枚举,,,,,,1=左侧；2=右侧；3=双侧,否,,,,
283,LI0000027,eefbd17b9d871e4ae42f224953402fe60c6aea485acfee95b6b0de2dc2019799,Yes,现病史,九院,治疗与操作,化疗标志,CHEMO_HIST,患者是否曾接受过化疗（是/否）,History of Prior Chemotherapy,,,,,临床研究通用数据元素集(CRCDE),数据元标准,CCDE.11.00.0001967.01.01,九院,是否化疗,,SI1113316,上海九院临床研究数据元素集:SFHL,,,,,枚举,,,,,,0=否；1=是,否,,,,
284,LI0000027,eefbd17b9d871e4ae42f224953402fe60c6aea485acfee95b6b0de2dc2019799,Yes,现病史,九院,治疗与操作,化疗标志,CHEMO_HIST,患者是否曾接受过化疗（是/否）,History of Prior Chemotherapy,,,,,临床研究通用数据元素集(CRCDE),数据元标准,CCDE.11.00.0001764.01.01,九院,是否接受治疗,标识患者是否接受治疗的标志,SI1111284,上海九院临床研究数据元素集:SFJSZL,,,,,枚举,,,,,,0=无；1=有；2=不适用；3=未知,否,,,,
294,LI0000027,eefbd17b9d871e4ae42f224953402fe60c6aea485acfee95b6b0de2dc2019799,Yes,现病史,九院,治疗与操作,化疗标志,CHEMO_HIST,患者是否曾接受过化疗（是/否）,History of Prior Chemotherapy,,,,,临床研究通用数据元素集(CRCDE),数据元标准,CCDE.11.00.0001910.01.01,九院,系统治疗类型,,SI1112473,上海九院临床研究数据元素集:XTZLLX,,,,,枚举,,,,,,1=术前诱导治疗；2=术后辅助治疗；3=姑息治疗；4=靶向治疗；5=免疫治疗；6=化学治疗,否,,,,
299,LI0000030,3c9fc3e337a714abb2050e7b9ba13c8944c80112cf5a30233b206bc3cdbd6245,Yes,现病史,九院,治疗与操作,化疗方案,CHEMO_REGIMEN,所接受的具体化疗方案名称，如“FOLFOX”、“TP”等,Prior Chemotherapy Regimen,,,,,临床研究通用数据元素集(CRCDE),数据元标准,CCDE.11.00.0000654.01.01,中山七院,化疗方案,,SI1104253,UDE数据标准:UDE0076700;合肥肿瘤医院院级临床研究数据集:HLFA;上海九院临床研究数据元素集:HLFA,,,,,枚举,,,,,,无；5-FU；铂类；丝裂霉素；中人氟安,否,,,,
304,LI0000031,254164f78f58662cf63aedf9e243d66c4328906306d3f03203aadbeb4fab88d5,Yes,现病史,"九院,胸科",治疗与操作,放疗标志,RT_HIST,患者是否曾接受过放疗（是/否）,History of Prior Radiotherapy,,,,,临床研究通用数据元素集(CRCDE),数据元标准,CCDE.11.00.0001909.01.01,九院,放疗史标志,,SI1112472,UDE数据标准:UDE0079962;上海九院临床研究数据元素集:FLSBZ,,,,,枚举,,,,,,0=无；1=有,否,,,,
322,LI0000031,254164f78f58662cf63aedf9e243d66c4328906306d3f03203aadbeb4fab88d5,Yes,现病史,"九院,胸科",治疗与操作,放疗标志,RT_HIST,患者是否曾接受过放疗（是/否）,History of Prior Radiotherapy,,,,,临床研究通用数据元素集(CRCDE),数据元标准,CCDE.11.00.0001741.01.01,,是否放疗,标识患者是否进行放射治疗,SI1111260,合肥肿瘤医院院级临床研究数据集:SFFL;上海九院临床研究数据元素集:SFFL;上海市胸科医院肺癌临床研究数据集:SFFL_KZL,,,,,枚举,,,,,,1=是；2=否,否,,,,
336,LI0000032,cb810ad93b4ec8af2b19c677665e114a387d2ca4c15827880f42b3e296e50190,Yes,现病史,"九院,胸科",治疗与操作,放疗时间,RT_DATE,放疗开始或结束的具体日期,Date of Prior Radiotherapy,,,,,临床研究通用数据元素集(CRCDE),数据元标准,CCDE.11.00.0001810.01.01,,放疗时间,,SI1111333,合肥肿瘤医院院级临床研究数据集:FLSJ;上海九院临床研究数据元素集:FLSJ,,,,,文本,100,,,,,,,,,,
422,LI0000046,0bad1a820ef7ee7fd67336dbfaf9e577de42c9e9aa857566f8bf64ed58308d5e,Yes,"入院记录,个人史","东肝,九院",分段,吸烟史,SMK_HIST,过去和现在的吸烟习惯总览。,Smoking History,,,,,临床研究通用数据元素集(CRCDE),数据元标准,CCDE.04.03.0000018.02.01,九院,是否吸烟,患者过去和现在吸烟情况的分类代码,SI1105629,合肥肿瘤医院院级临床研究数据集:SFXY;上海九院临床研究数据元素集:YWXY;上海九院临床研究数据元素集:SFXY;上海东方肝胆医院院级临床研究数据集:ZB_XYS,,,,,枚举,,,,,,是；否,否,,,,
436,LI0000047,49224617c75f2d5f4391e1004c72fbce9dfbd709f37674b865319e3d100f05a0,Yes,"入院记录,现病史","东肝,九院",分段,手术史,SURG_HIST,以前是否进行过任何手术及其相关信息。,Surgical History,,,,,临床研究通用数据元素集(CRCDE),数据元标准,CCDE.03.10.0000005.01.01,九院,既往手术史,,SI1105442,上海九院临床研究数据元素集:SSS;中山大学附属第七医院临床研究数据集;上海东方肝胆医院院级临床研究数据集:SSS;合肥肿瘤医院院级临床研究数据集:SSS,,,,,文本,100,,,,,,,,,,
445,LI0000049,13071461d448f8643f2dba9cbd49c0d87e3ef6164ac7374222c50116aa6b63e0,Yes,个人史,九院,分段,饮酒史,ALC_HIS,患者饮酒情况的记录描述，包括饮酒时长、戒酒情况等,History of drinking,,,,,临床研究通用数据元素集(CRCDE),数据元标准,CCDE.04.04.0000008.02.01,九院,饮酒标志,,SI1104039,UDE数据标准:UDE0075390;上海九院临床研究数据元素集:SFYJ,,,,,枚举,,,,,,是；否,否,,,,
516,LI0000051,cea76c2b9a65eef64bfe8223e11df1365c27f71279253a1421c6e988d8409f7b,Yes,"病理诊断,病理检查","东肝,九院",检查与检测,免疫组化项目及结果,IHC_PANEL,使用免疫组化技术检测的不同生物标记物的结果。,Immunohistochemistry (IHC) Panel,"P16, HPV",,,,临床研究通用数据元素集(CRCDE),数据元标准,CCDE.08.00.0004068.01.01,九院;东肝,甲胎蛋白定性,,SI1113037,上海东方肝胆医院院级临床研究数据集:AFPDX;上海九院临床研究数据元素集:AFPDX,,,,,枚举,,,,,,0=阴性；1=阳性；9=未做,否,,,,
604,LI0000051,cea76c2b9a65eef64bfe8223e11df1365c27f71279253a1421c6e988d8409f7b,Yes,"病理诊断,病理检查","东肝,九院",检查与检测,免疫组化项目及结果,IHC_PANEL,使用免疫组化技术检测的不同生物标记物的结果。,Immunohistochemistry (IHC) Panel,"P16, HPV",,,,临床研究通用数据元素集(CRCDE),数据元标准,CCDE.07.00.0000003.01.01,九院,P16免疫组化指标,,SI1112413,上海九院临床研究数据元素集:P16MYZHJG,,,,,枚举,,,,,,0=阴性（-）；1=阳性（+）；3=未测,否,,,,
636,LI0000055,7c8befebee7f2f648f01c97735b1f8cf670bb431eac8ede762499a45153bf6b1,Yes,"婚育史,既往史","九院,胸科",个人基本信息,婚姻状况,MAR_STAT,记录患者的婚姻状况。此标签用于描述患者当前的婚姻状态。,Marital Status,,,,,临床研究通用数据元素集(CRCDE),数据元标准,CCDE.02.02.0000368.01.01,UDE,婚姻状况,,SI1118555,上海东方肝胆医院院级临床研究数据集:HYZK;合肥肿瘤医院院级临床研究数据集:HYZK;上海九院临床研究数据元素集:HYZK;上海九院临床研究数据元素集:XZDHYZK;上海九院临床研究数据元素集:HYSHYZK,,,,,枚举,,,,,,1=未婚；2=已婚；3=丧偶；4=离婚；5=再婚；6=其他；9=未说明的婚姻状况,否,,,,
655,LI0000057,e2ef23df9a6dd04236bf381e7c65571548df2aef2cae2847dd6625f8b61b00d9,Yes,婚育史,"九院,胸科",个人基本信息,生育状况,FERT_STAT,记录患者是否有生育史。此标签用于描述患者是否曾经生育过子女。,Fertility Status,,,,,临床研究通用数据元素集(CRCDE),数据元标准,CCDE.03.06.0000066.01.01,中山七院;九院,生育状况,标识育龄妇女是否曾经有过分娩史的标志,SI1106819,上海九院临床研究数据元素集:SFSY;上海九院临床研究数据元素集:HYSSYZK,,,,,枚举,,,,,,0=否；1=是,否,,,,
694,LI0000070,20c7976b6f2dc95c3280bf3508ec12b773f41259fa6c9d1bbaa040028e6720a1,Yes,个人史,九院,个人基本信息,槟榔史,Betel_Quid,患者嚼槟榔情况的记录描述，包括嚼槟榔时长、戒槟榔情况等,Betel Quid,,,,,临床研究通用数据元素集(CRCDE),数据元标准,CCDE.04.99.0000022.01.01,九院,嚼槟榔标志,,SI1112410,上海九院临床研究数据元素集:JBLBZ,,,,,枚举,,,,,,1=是；2=否,否,,,,
744,LI0000077,e79712fd7b98651a45376163a058a009676827f2b4cb015364fe0f861c47581c,Yes,"病理,病理诊断,诊断,病理检查","东肝,九院,胸科",健康问题与诊断,切缘情况,MARGIN_STATUS,描述手术切除边缘的状态，包括是否含有癌细胞。,Margin Status,"切缘,切缘描述",,,,临床研究通用数据元素集(CRCDE),数据元标准,CCDE.07.00.0000012.01.01,九院,术后病理切缘,,SI1112422,上海九院临床研究数据元素集:SHBLQY,,,,,枚举,,,,,,0=阴性（-）；1=阳性（+）；2=切缘过近或者不足,否,,,,
757,LI0000079,ece0a61d7bf2db8dafdb40983dc18677582d57d5659610da28270d23b8631030,Yes,病理检查,九院,健康问题与诊断,神经侵犯,NERVE_INVASION,描述肿瘤是否侵犯神经组织，如侵犯面神经、舌神经等。,Nerve Invasion,,,,,临床研究通用数据元素集(CRCDE),数据元标准,CCDE.10.00.0000956.01.01,九院,神经侵犯,,SI1112466,上海九院临床研究数据元素集:SJQF,,,,,枚举,,,,,,0=否；1=是,否,,,,
761,LI0000080,db64b98d170d2fded82a074e3505e4c3bdcdb101bddb9fd690b98ad9903a898a,Yes,"手术记录,检查,病理检查",九院,健康问题与诊断,脉管侵犯,VASCULAR_INVASION,描述肿瘤是否侵犯血管或淋巴系统，如侵犯血管壁、淋巴管壁。,Vascular Invasion,,九院-头颈肿瘤-鳞癌,,,临床研究通用数据元素集(CRCDE),数据元标准,CCDE.10.00.0000957.01.01,九院;东肝,血管侵犯,,SI1112467,上海东方肝胆医院院级临床研究数据集:ZB_XGQF1;上海九院临床研究数据元素集:XGQF,,,,,枚举,,,,,,0=否；1=是,否,,,,
765,LI0000081,76cda62a50e8b4efed3d58d7fe6ea7ccb12e4caba68fcc1468ff8e8fb513db10,Yes,病理检查,九院,健康问题与诊断,DOI,DOI,记录肿瘤浸润深度，通常以毫米为单位，反映肿瘤侵入组织的深度。,Depth of Invasion,,,,,临床研究通用数据元素集(CRCDE),数据元标准,CCDE.10.00.0000955.01.01,九院,浸润深度（DOI）,,SI1112465,上海九院临床研究数据元素集:JRSDDOI,,,,,枚举,,,,,,1=≤5；2=≤10（＞5）；3=＞10；4=未评估；5=NA,否,,,,
830,LI0000098,3017c5660a2fd383f0134dfc64d49fdbdf68af0223eb1fbb67d2f6343e5ba757,Yes,"入院记录,现病史","东肝,九院",健康问题与诊断,复发,RECURRENCE,是否经历了癌症复发的情况。,Recurrence,"肿瘤病灶性质, 肝癌复发",,,,临床研究通用数据元素集(CRCDE),数据元标准,CCDE.10.00.0000935.01.01,九院,肿瘤原复发性质,,SI1112445,上海九院临床研究数据元素集:ZLYFFXZ,,,,,枚举,,,,,,1=原发；2=复发；3=二原发（不同解剖部位或不同病理诊断，同一部位需要5年以上）；4=新辅助/诱导；5=不彻底,否,,,,
851,LI0000103,381ef09ef8cae52562ef9993db4932e74a675ca3aa68a4392aca99d055ba227f,Yes,"影像检查,入院记录","东肝,九院",检查与检测,辅助检查类型,ANC_EXAM_TYPE,为确诊或评估病情所做的各种医学检查的类型。,Ancillary Examination Type,影像检查类型,,,,临床研究通用数据元素集(CRCDE),数据元标准,CCDE.07.00.0000002.01.01,九院,免疫组化标志,,SI1112412,上海九院临床研究数据元素集:MYZHBZ,,,,,枚举,,,,,,0=否；1=是,否,,,,
856,LI0000103,381ef09ef8cae52562ef9993db4932e74a675ca3aa68a4392aca99d055ba227f,Yes,"影像检查,入院记录","东肝,九院",检查与检测,辅助检查类型,ANC_EXAM_TYPE,为确诊或评估病情所做的各种医学检查的类型。,Ancillary Examination Type,影像检查类型,,,,临床研究通用数据元素集(CRCDE),数据元标准,CCDE.07.00.0000116.01.01,UDE,影像检查类型代码,,SI1115589,UDE数据标准:UDE0077295;上海九院临床研究数据元素集:YXJCLX,,,,,枚举,,,,,,1=CT；2=MRI；3=PET-CT；4=超声,否,,,,
1016,LI0000121,80dada8747fa596d301309e56510a84dc9e993be12b48f8ac504e8a05e44c29c,Yes,"影像检查,专科检查",九院,解剖与病理信息,阳性淋巴结描述,LN_POS_DESC,描述阳性淋巴结的具体特征，如中央液化、环形强化、不均匀强化、边缘不规则强化等。,Description of Positive Lymph Nodes,,,,,临床研究通用数据元素集(CRCDE),数据元标准,CCDE.07.00.0000005.01.01,九院,送检淋巴结标志,,SI1112415,上海九院临床研究数据元素集:SJLBJBZ,,,,,枚举,,,,,,0=否；1=是,否,,,,
1021,LI0000122,07d03ba3054ef5f732413cf871ced2f962b32ebb634ff222dc4d2c8738a0bbbf,Yes,"影像检查,专科检查",九院,解剖与病理信息,阳性淋巴结方位,LN_POS_LOC,描述阳性淋巴结的具体方位，如左/右等。,Location of Positive Lymph Nodes,,,,,临床研究通用数据元素集(CRCDE),数据元标准,CCDE.07.00.0000006.01.01,九院,送检淋巴结方位,,SI1112416,上海九院临床研究数据元素集:SJLBJFW,,,,,枚举,,,,,,1=左侧；2=右侧；4=双侧,否,,,,
1027,LI0000123,4f0374e0739efb4d1f27a09a2ba399f90490b9f91fbc01d2ba7f44d317c939ac,Yes,"影像检查,专科检查",九院,解剖与病理信息,阳性淋巴结大小,LN_POS_SIZE,记录阳性淋巴结的最大直径或体积，通常以毫米为单位。,Size of Positive Lymph Nodes,,,,,临床研究通用数据元素集(CRCDE),数据元标准,CCDE.07.00.0000008.01.01,九院,阳性淋巴结最大直径,,SI1112418,上海九院临床研究数据元素集:YXLBJZDZJ,,,,,枚举,,,,,,1=≤3；2=≤6（＞3）；3=＞6,否,,,,
1040,LI0000126,fe64219278da0c082560acea76cf43de85bcbda819daa70a692e0ac0c9bbe1d7,Yes,病理检查,九院,解剖与病理信息,淋巴结数量,LN_REMOVED_COUNT,记录样本中淋巴结总数。,Total Number of Lymph Nodes Removed,,,,,临床研究通用数据元素集(CRCDE),数据元标准,CCDE.07.04.0000356.01.01,中山七院,淋巴结总数,,SI1110088,合肥肿瘤医院院级临床研究数据集:LBJSL;上海九院临床研究数据元素集:LBJZS,,,,,整数,,3,,个,,,,,,,
1060,LI0000128,40531f162e1e7a93888d4cfef8a80ebd52dca8548f9969255dbc7083a4529d90,Yes,"影像检查,专科检查,病理诊断,手术记录,病理检查","东肝,九院",解剖与病理信息,淋巴结侵犯部位,LN_INVOLVED_SITE,记录被癌症细胞侵袭的淋巴结数目。,Site of Lymph Node Involvement,,,,,临床研究通用数据元素集(CRCDE),数据元标准,CCDE.07.00.0000009.01.01,九院,淋巴结转移包膜外ENE(+)标志,,SI1112419,上海九院临床研究数据元素集:ENEPBZ,,,,,枚举,,,,,,0=否；1=是,否,,,,
1092,LI0000128,40531f162e1e7a93888d4cfef8a80ebd52dca8548f9969255dbc7083a4529d90,Yes,"影像检查,专科检查,病理诊断,手术记录,病理检查","东肝,九院",解剖与病理信息,淋巴结侵犯部位,LN_INVOLVED_SITE,记录被癌症细胞侵袭的淋巴结数目。,Site of Lymph Node Involvement,,,,,临床研究通用数据元素集(CRCDE),数据元标准,CCDE.07.04.0000077.01.01,中山七院,淋巴结部位,,SI1105635,UDE数据标准:UDE0082657;上海九院临床研究数据元素集:LBJBW,,,,,文本,50,,,,,,,,,,
1132,LI0000130,ceb1c9945b5de4014e4b08b2de08f872c01b958366287da0586e30e7102f08cd,Yes,"影像检查,专科检查,检查","东肝,九院",解剖与病理信息,淋巴结转移部位,LN_METASTASIS_SITE,描述淋巴结转移的具体部位。,Site of Lymph Node Metastasis,阳性淋巴结区域,,,,临床研究通用数据元素集(CRCDE),数据元标准,CCDE.07.00.0000007.01.01,九院,送检淋巴结区域,,SI1112417,上海九院临床研究数据元素集:SJLBJQY,,,,,枚举,,,,,,1=I区；2=II区；3=III区；4=IV区；5=V区；7=其他,否,,,,
1143,LI0000130,ceb1c9945b5de4014e4b08b2de08f872c01b958366287da0586e30e7102f08cd,Yes,"影像检查,专科检查,检查","东肝,九院",解剖与病理信息,淋巴结转移部位,LN_METASTASIS_SITE,描述淋巴结转移的具体部位。,Site of Lymph Node Metastasis,阳性淋巴结区域,,,,临床研究通用数据元素集(CRCDE),数据元标准,CCDE.07.00.0000010.01.01,九院,淋巴结转移包膜外ENE(+)方位,,SI1112420,上海九院临床研究数据元素集:ENEPFW,,,,,枚举,,,,,,1=左侧；2=右侧,否,,,,
1158,LI0000132,d52ff747a61c3cfd9bc13121ec8538be61b5c923699f1e09e894170db9bbdd53,Yes,手术记录,"东肝,九院",解剖与病理信息,淋巴结清扫,LN_DISSECTION,手术中对淋巴结实施的操作，如：切除，清扫等,Lymph Node Dissection,移除处理,,,,临床研究通用数据元素集(CRCDE),数据元标准,CCDE.11.00.0001642.01.01,中山七院,淋巴结清扫,,SI1109838,上海东方肝胆医院院级临床研究数据集:ZB_LBJQS;合肥肿瘤医院院级临床研究数据集:LBJQSJG;上海九院临床研究数据元素集:LBJQSJG,,,,,文本,200,,,,,,,,,,
1194,LI0000135,47808c96a359399b3fc6292bacfa4e220411d99b31661d1f094826d9b02f77f7,Yes,"影像检查,专科检查,病理诊断,病理检查","东肝,九院",解剖与病理信息,阳性淋巴结个数,LN_POS_COUNT,记录检测到的阳性淋巴结数量。,Number of Positive Lymph Nodes,"阳性LN数量,淋巴结转移阳性数",,,,临床研究通用数据元素集(CRCDE),数据元标准,CCDE.07.04.0000190.01.01,中山七院,阳性淋巴结总数,,SI1108539,上海九院临床研究数据元素集:LBJYXSL,,,,,整数,,4,,个,,,,,,,
1316,LI0000146,65bf87cac424376818d387ee260618d6969df2297ef4fc0e1dbab696d7e0f4d7,Yes,手术记录,九院,治疗与操作,术后患者去向,PPD,手术结束后患者的转移地点。可能包括重症监护室、普通病房、恢复室、直接出院等。,Postoperative Patient Disposition,,,,,临床研究通用数据元素集(CRCDE),数据元标准,CCDE.11.00.0001305.01.01,中山七院,是否入ICU,,SI1108068,上海九院临床研究数据元素集:ICUZYZZBZ,,,,,枚举,,,,,,0=无；1=有,否,,,,
1372,LI0000150,f89c067ff6a97084fd28b22f08a0a84e870c90261dda1155ab523d6bc1b2ae61,Yes,"入院记录,现病史,既往史,手术记录","东肝,九院,胸科",治疗与操作,手术名称,SURG_NAME,手术的具体操作名称，如“右肝肿瘤切除术”“经皮肝穿刺微波热凝肝癌损毁术”等。,Surgery Name,"手术治疗, 既往口腔病灶切除史, 既往颈淋巴结清扫史",,,,临床研究通用数据元素集(CRCDE),数据元标准,CCDE.11.00.0001354.01.01,卫健委;东肝,手术名称,按照ICD-9-CM-3的名称,SI1108322,WS/T 500.1-2016:DE06.00.094.00;上海东方肝胆医院院级临床研究数据集:ZB_SSMC;上海九院临床研究数据元素集:SSMC;上海市胸科医院肺癌临床研究数据集:SSMC,,,,,文本,100,,,,,,,,,,
1399,LI0000150,f89c067ff6a97084fd28b22f08a0a84e870c90261dda1155ab523d6bc1b2ae61,Yes,"入院记录,现病史,既往史,手术记录","东肝,九院,胸科",治疗与操作,手术名称,SURG_NAME,手术的具体操作名称，如“右肝肿瘤切除术”“经皮肝穿刺微波热凝肝癌损毁术”等。,Surgery Name,"手术治疗, 既往口腔病灶切除史, 既往颈淋巴结清扫史",,,,临床研究通用数据元素集(CRCDE),数据元标准,CCDE.11.00.0001906.01.01,九院,头颈肿瘤手术类型,,SI1112469,上海九院临床研究数据元素集:TJZLSSLX,,,,,枚举,,,,,,1=原发灶扩大切除术；2=颈部管理（根治性颈清、选择性颈清及其他颈部淋巴结送检）；3=皮瓣修复；4=气切术,否,,,,
1421,LI0000150,f89c067ff6a97084fd28b22f08a0a84e870c90261dda1155ab523d6bc1b2ae61,Yes,"入院记录,现病史,既往史,手术记录","东肝,九院,胸科",治疗与操作,手术名称,SURG_NAME,手术的具体操作名称，如“右肝肿瘤切除术”“经皮肝穿刺微波热凝肝癌损毁术”等。,Surgery Name,"手术治疗, 既往口腔病灶切除史, 既往颈淋巴结清扫史",,,,临床研究通用数据元素集(CRCDE),数据元标准,CCDE.11.00.0002007.01.01,九院,是否有手术记录,,SI1113686,合肥肿瘤医院院级临床研究数据集:SFYSSS;上海九院临床研究数据元素集:SSZLBZ,,,,,枚举,,,,,,0=无；1=有,否,,,,
1442,LI0000150,f89c067ff6a97084fd28b22f08a0a84e870c90261dda1155ab523d6bc1b2ae61,Yes,"入院记录,现病史,既往史,手术记录","东肝,九院,胸科",治疗与操作,手术名称,SURG_NAME,手术的具体操作名称，如“右肝肿瘤切除术”“经皮肝穿刺微波热凝肝癌损毁术”等。,Surgery Name,"手术治疗, 既往口腔病灶切除史, 既往颈淋巴结清扫史",,,,临床研究通用数据元素集(CRCDE),数据元标准,CCDE.11.00.0001911.01.01,九院,颈部淋巴清扫,,SI1112474,上海九院临床研究数据元素集:JBLBJQS,,,,,枚举,,,,,,0=无；1=根治性颈清（I-V）；2=加强预防性颈清（I-IV）；3=预防性颈清（I-III、肩胛舌骨/舌骨）；4=选择性颈清,否,,,,
1445,LI0000150,f89c067ff6a97084fd28b22f08a0a84e870c90261dda1155ab523d6bc1b2ae61,Yes,"入院记录,现病史,既往史,手术记录","东肝,九院,胸科",治疗与操作,手术名称,SURG_NAME,手术的具体操作名称，如“右肝肿瘤切除术”“经皮肝穿刺微波热凝肝癌损毁术”等。,Surgery Name,"手术治疗, 既往口腔病灶切除史, 既往颈淋巴结清扫史",,,,临床研究通用数据元素集(CRCDE),数据元标准,CCDE.11.00.0001841.01.01,九院,是否有气管切开,标识患者是否接受过气管切开手术操作治疗,SI1112340,上海九院临床研究数据元素集:SFQGQK,,,,,枚举,,,,,,0=否；1=是,否,,,,
1475,LI0000152,d31dcf7fea1135ef0d38c226b85ddc2df686642b6da98d614d8a4310e412e205,Yes,手术记录,九院,治疗与操作,修复重建技术,RECON_TECH,在手术过程中使用的具体修复和重建技术。包括但不限于设计和制备各种类型的皮瓣、肌瓣、肌皮瓣等。,Reconstruction Technique,,,,,临床研究通用数据元素集(CRCDE),数据元标准,CCDE.11.00.0001842.01.01,九院,是否有皮瓣修复,标识患者是否接受过皮瓣修复手术操作治疗,SI1112341,上海九院临床研究数据元素集:SFPBXF,,,,,枚举,,,,,,0=否；1=是,否,,,,
1543,LI0000165,1497f87ff4d6e3ce7e2c72f801fd01c8cc5d19281db9628f601f05e53f269d2b,Yes,手术记录,"东肝,九院",检查与检测,出血标志,BLEED_IND,表示是否有出血事件发生的标志。,Bleeding Indicator,,,,,临床研究通用数据元素集(CRCDE),数据元标准,CCDE.11.00.0002079.01.01,九院,术中是否出血,,SI1113814,上海九院临床研究数据元素集:SZSFCX,,,,,枚举,,,,,,0=否；1=是,否,,,,
1544,LI0000166,febd8c41743e1b9d9093753545d267ad9ef4984e307430b2cce9c7a3e9d6e84e,Yes,手术记录,"东肝,九院",检查与检测,出血量,BLEED_VOLUME,描述出血的量，通常需要指定单位（如毫升）。,Volume of Bleeding,,,,,临床研究通用数据元素集(CRCDE),数据元标准,CCDE.99.00.0000572.01.01,东肝,术中出血量,,SI1115000,上海东方肝胆医院院级临床研究数据集:ZB_SZCXL;上海九院临床研究数据元素集:SZCXL;上海市胸科医院肺癌临床研究数据集:SZCXL,,,,,小数,,6,2,ml,,,,,,,
1651,LI0000195,8757d8789744a3d86ba3ea64ab58dbaf5bde8b3a86a39358223f7ea7c6e0df75,Yes,"日常病程,物理检查,现病史,手术记录,检查,病理检查","东肝,九院,胸科",解剖与病理信息,主要病变,PRIMARY_LESION,描述探查中发现的主要病变,Primary Lesion,解剖学部位、主要病灶、病灶类型,,,,临床研究通用数据元素集(CRCDE),数据元标准,CCDE.07.00.0000020.01.01,九院,口腔病灶个数,,SI1112430,上海九院临床研究数据元素集:KQBZGS,,,,,枚举,,,,,,1=1；2=2；3=3；4=4；5=>4,否,,,,
1686,LI0000197,27180ecfdfed38063c8d4a09c631fc459229bba77d1ec6db50240afd9fb1ef23,Yes,"入院记录,现病史,既往史,手术记录","东肝,九院,胸科",治疗与操作,药品名称,DRUG_NAME,用于识别一种特定药物的正式或通用名称。,Drug Name,,,,,临床研究通用数据元素集(CRCDE),数据元标准,CCDE.15.00.0000148.01.01,九院,抗凝药物史类型,,SI1112488,UDE数据标准:UDE0081390;上海九院临床研究数据元素集:KNYWSLX,,,,,枚举,,,,,,1=华法林；2=氯吡格雷；3=泰嘉；4=波立维；5=阿司匹林；9=其他,否,,,,
1697,LI0000197,27180ecfdfed38063c8d4a09c631fc459229bba77d1ec6db50240afd9fb1ef23,Yes,"入院记录,现病史,既往史,手术记录","东肝,九院,胸科",治疗与操作,药品名称,DRUG_NAME,用于识别一种特定药物的正式或通用名称。,Drug Name,,,,,临床研究通用数据元素集(CRCDE),数据元标准,CCDE.11.00.0001518.01.01,中山七院,出院治疗_抗凝_药物名称,,SI1108991,上海九院临床研究数据元素集:KNYWMC,,,,,文本,100,,,,,,,,,,
1708,LI0000197,27180ecfdfed38063c8d4a09c631fc459229bba77d1ec6db50240afd9fb1ef23,Yes,"入院记录,现病史,既往史,手术记录","东肝,九院,胸科",治疗与操作,药品名称,DRUG_NAME,用于识别一种特定药物的正式或通用名称。,Drug Name,,,,,临床研究通用数据元素集(CRCDE),数据元标准,CCDE.11.00.0001919.01.01,九院,抗凝药物史标志,,SI1112482,上海九院临床研究数据元素集:KNYWSBZ,,,,,枚举,,,,,,0=否；1=是,否,,,,
1873,LI0000199,e93433f4f1883ad249ea2aceb83a46f960a713314ecfae55a4e784a0aab64cd8,Yes,"物理检查,诊断,入院记录,现病史,既往史,手术记录","东肝,九院,胸科",健康问题与诊断,疾病名称,DIS_NAME,诊断出的具体疾病名，这里主要关注肝癌及其相关病症。,Disease Name,"既往黏膜病史, 高血压, 冠心病, 糖尿病, 血液系统疾病, 其他肿瘤史, 术前诊断为肝内胆管癌",,,,临床研究通用数据元素集(CRCDE),数据元标准,CCDE.03.04.0000065.01.01,卫健委,高血压史代码,,SI1108561,WS 375.1-2012:DE02.10.026.00;UDE数据标准:UDE0077064;合肥肿瘤医院院级临床研究数据集:SFHGXY;上海九院临床研究数据元素集:GXYBZ,,,1.有2.无3.不详,,枚举,,,,,,1=有；2=无,否,,,,
1879,LI0000199,e93433f4f1883ad249ea2aceb83a46f960a713314ecfae55a4e784a0aab64cd8,Yes,"物理检查,诊断,入院记录,现病史,既往史,手术记录","东肝,九院,胸科",健康问题与诊断,疾病名称,DIS_NAME,诊断出的具体疾病名，这里主要关注肝癌及其相关病症。,Disease Name,"既往黏膜病史, 高血压, 冠心病, 糖尿病, 血液系统疾病, 其他肿瘤史, 术前诊断为肝内胆管癌",,,,临床研究通用数据元素集(CRCDE),数据元标准,CCDE.09.00.0000077.01.01,UDE,肿瘤诊断名称,,SI1115271,UDE数据标准:UDE0076137;上海九院临床研究数据元素集:ZLMC,,,,,文本,100,,,,,,,,,,
1885,LI0000199,e93433f4f1883ad249ea2aceb83a46f960a713314ecfae55a4e784a0aab64cd8,Yes,"物理检查,诊断,入院记录,现病史,既往史,手术记录","东肝,九院,胸科",健康问题与诊断,疾病名称,DIS_NAME,诊断出的具体疾病名，这里主要关注肝癌及其相关病症。,Disease Name,"既往黏膜病史, 高血压, 冠心病, 糖尿病, 血液系统疾病, 其他肿瘤史, 术前诊断为肝内胆管癌",,,,临床研究通用数据元素集(CRCDE),数据元标准,CCDE.09.00.0000005.01.01,九院,血液系统疾病分类,,SI1112439,上海九院临床研究数据元素集:XYXTJBFL;上海九院临床研究数据元素集:XYXTJBMC,,,,,枚举,,,,,,0=无；1=轻度；2=中度；3=重度,否,,,,
1890,LI0000199,e93433f4f1883ad249ea2aceb83a46f960a713314ecfae55a4e784a0aab64cd8,Yes,"物理检查,诊断,入院记录,现病史,既往史,手术记录","东肝,九院,胸科",健康问题与诊断,疾病名称,DIS_NAME,诊断出的具体疾病名，这里主要关注肝癌及其相关病症。,Disease Name,"既往黏膜病史, 高血压, 冠心病, 糖尿病, 血液系统疾病, 其他肿瘤史, 术前诊断为肝内胆管癌",,,,临床研究通用数据元素集(CRCDE),数据元标准,CCDE.09.00.0000007.01.01,九院,癌前状态疾病分类,,SI1112441,上海九院临床研究数据元素集:AQZTJBFL,,,,,枚举,,,,,,1=口腔扁平苔藓；2=口腔黏膜下纤维性变；3=盘状红斑狼疮；4=上皮过角化；5=先天性角化不良；6=梅毒；7=艾滋病；8=白斑；9=红斑；10=其他,否,,,,
1913,LI0000199,e93433f4f1883ad249ea2aceb83a46f960a713314ecfae55a4e784a0aab64cd8,Yes,"物理检查,诊断,入院记录,现病史,既往史,手术记录","东肝,九院,胸科",健康问题与诊断,疾病名称,DIS_NAME,诊断出的具体疾病名，这里主要关注肝癌及其相关病症。,Disease Name,"既往黏膜病史, 高血压, 冠心病, 糖尿病, 血液系统疾病, 其他肿瘤史, 术前诊断为肝内胆管癌",,,,临床研究通用数据元素集(CRCDE),数据元标准,CCDE.09.00.0000006.01.01,九院,癌前状态疾病标志,,SI1112440,上海九院临床研究数据元素集:AQZTJBBZ,,,,,枚举,,,,,,0=无；1=有,否,,,,
1928,LI0000199,e93433f4f1883ad249ea2aceb83a46f960a713314ecfae55a4e784a0aab64cd8,Yes,"物理检查,诊断,入院记录,现病史,既往史,手术记录","东肝,九院,胸科",健康问题与诊断,疾病名称,DIS_NAME,诊断出的具体疾病名，这里主要关注肝癌及其相关病症。,Disease Name,"既往黏膜病史, 高血压, 冠心病, 糖尿病, 血液系统疾病, 其他肿瘤史, 术前诊断为肝内胆管癌",,,,临床研究通用数据元素集(CRCDE),数据元标准,CCDE.09.02.0000105.01.01,九院,肿瘤标志,,SI1112434,UDE数据标准:UDE0079973;上海九院临床研究数据元素集:ZLBZ,,,,,枚举,,,,,,1=是；2=否,否,,,,
1950,LI0000199,e93433f4f1883ad249ea2aceb83a46f960a713314ecfae55a4e784a0aab64cd8,Yes,"物理检查,诊断,入院记录,现病史,既往史,手术记录","东肝,九院,胸科",健康问题与诊断,疾病名称,DIS_NAME,诊断出的具体疾病名，这里主要关注肝癌及其相关病症。,Disease Name,"既往黏膜病史, 高血压, 冠心病, 糖尿病, 血液系统疾病, 其他肿瘤史, 术前诊断为肝内胆管癌",,,,临床研究通用数据元素集(CRCDE),数据元标准,CCDE.03.04.0000070.01.01,卫健委;东肝,糖尿病史代码,脑卒中病例是否存在糖尿病这项危险因素的代码,SI1109104,WS 375.1-2012:DE02.10.026.00;UDE数据标准:UDE0077065;上海九院临床研究数据元素集:TNBBZ,,,,,枚举,,,,,,1=有；2=无,否,,,,
1955,LI0000199,e93433f4f1883ad249ea2aceb83a46f960a713314ecfae55a4e784a0aab64cd8,Yes,"物理检查,诊断,入院记录,现病史,既往史,手术记录","东肝,九院,胸科",健康问题与诊断,疾病名称,DIS_NAME,诊断出的具体疾病名，这里主要关注肝癌及其相关病症。,Disease Name,"既往黏膜病史, 高血压, 冠心病, 糖尿病, 血液系统疾病, 其他肿瘤史, 术前诊断为肝内胆管癌",,,,临床研究通用数据元素集(CRCDE),数据元标准,CCDE.03.04.0000068.01.01,卫健委,冠心病史代码,脑卒中病例是否存在冠心病这项危险因素的代码,SI1108930,WS 375.1-2012:DE02.10.026.00;UDE数据标准:UDE0077068;合肥肿瘤医院院级临床研究数据集:SFHGXBXZJB;上海九院临床研究数据元素集:GXBBZ,,,1.有2.无3.不详,,枚举,,,,,,0=无；1=有,否,,,,
2004,LI0000209,389cb17606c51c4f866d32b3f9233c373fbb999087a0d933b1bbe7dd87629ce9,Yes,"影像检查,专科检查,物理检查,病理,病理诊断,现病史,手术记录","东肝,九院,胸科",健康问题与诊断,侵犯部位/类型,INV_SITES,侵犯发生于神经、胆管、血管或者包膜的情况或者侵犯的具体部位，如“肝门”、“膈肌”、“胆囊”、“血管”等。,Invasion Sites,"侵犯情况,累及部位,侵犯类型",,,,临床研究通用数据元素集(CRCDE),数据元标准,CCDE.10.00.0001885.01.01,九院,其他累及部位,,SI1123709,上海九院临床研究数据元素集:QTLJBW,,,,,文本,100,,,,,,,,,,
2022,LI0000209,389cb17606c51c4f866d32b3f9233c373fbb999087a0d933b1bbe7dd87629ce9,Yes,"影像检查,专科检查,物理检查,病理,病理诊断,现病史,手术记录","东肝,九院,胸科",健康问题与诊断,侵犯部位/类型,INV_SITES,侵犯发生于神经、胆管、血管或者包膜的情况或者侵犯的具体部位，如“肝门”、“膈肌”、“胆囊”、“血管”等。,Invasion Sites,"侵犯情况,累及部位,侵犯类型",,,,临床研究通用数据元素集(CRCDE),数据元标准,CCDE.10.00.0001884.01.01,九院,累及部位,,SI1123708,上海九院临床研究数据元素集:LJBW,,,,,枚举,,,,,,1=皮质骨（上颌骨或下颌骨）；2=下牙槽神经管-下牙槽神经；3=口底部；4=面部皮肤（即颏部-下巴或鼻部）；5=舌外肌（颏舌肌、舌咽肌、腭舌肌和茎突舌肌）；6=上颌窦；7=咀嚼肌间隙(咬肌，翼内肌，翼外肌，颞肌)；8=翼状板（翼板）；9=颅底并/或包绕颈内动脉；10=其他,否,,,,
258,LI0000022,c08715c6f197d183075d4ecf81a0bca0534838e2fa9d42d294a543cdb9c4ca2c,Yes,"影像检查,专科检查,病理检查",九院,解剖与病理信息,病变方位,LESION_ORIENT,描述病灶在特定部位的具体方位，如左/右/双侧等。,Lesion Orientation,"病灶方位, 解剖学方位",九院-头颈肿瘤-鳞癌,,,临床研究通用数据元素集(CRCDE),数据元标准,CCDE.07.00.0000017.01.01,九院,原发灶部位,,SI1112427,上海九院临床研究数据元素集:YFZBW,,,,,枚举,,,,,,1=左侧；2=右侧；3=双侧,否,,,,
308,LI0000031,254164f78f58662cf63aedf9e243d66c4328906306d3f03203aadbeb4fab88d5,Yes,现病史,"九院,胸科",治疗与操作,放疗标志,RT_HIST,患者是否曾接受过放疗（是/否）,History of Prior Radiotherapy,,,,,临床研究通用数据元素集(CRCDE),数据元标准,CCDE.11.00.0001764.01.01,九院,是否接受治疗,标识患者是否接受治疗的标志,SI1111284,上海九院临床研究数据元素集:SFJSZL,,,,,枚举,,,,,,0=无；1=有；2=不适用；3=未知,否,,,,
331,LI0000031,254164f78f58662cf63aedf9e243d66c4328906306d3f03203aadbeb4fab88d5,Yes,现病史,"九院,胸科",治疗与操作,放疗标志,RT_HIST,患者是否曾接受过放疗（是/否）,History of Prior Radiotherapy,,,,,临床研究通用数据元素集(CRCDE),数据元标准,CCDE.11.00.0001910.01.01,九院,系统治疗类型,,SI1112473,上海九院临床研究数据元素集:XTZLLX,,,,,枚举,,,,,,1=术前诱导治疗；2=术后辅助治疗；3=姑息治疗；4=靶向治疗；5=免疫治疗；6=化学治疗,否,,,,
502,LI0000051,cea76c2b9a65eef64bfe8223e11df1365c27f71279253a1421c6e988d8409f7b,Yes,"病理诊断,病理检查","东肝,九院",检查与检测,免疫组化项目及结果,IHC_PANEL,使用免疫组化技术检测的不同生物标记物的结果。,Immunohistochemistry (IHC) Panel,"P16, HPV",,,,临床研究通用数据元素集(CRCDE),数据元标准,CCDE.07.00.0000004.01.01,九院,HPV免疫组化结果,,SI1112414,上海九院临床研究数据元素集:HPVMYZHJG,,,,,文本,1000,,,,,0=阴性（-）；1=阳性（+）；3=未测,,,,,
1033,LI0000125,1ef1cb46732a8e38636aeda0b927b05d0a85b0516e02cc3d8dbfa95b524bb2a8,Yes,病理检查,九院,解剖与病理信息,淋巴结清扫方位,LN_DISSEC_LOC,描述淋巴结清扫的具体方位，如左/右等。,Site of Lymph Node Dissection,,,,,临床研究通用数据元素集(CRCDE),数据元标准,CCDE.07.00.0000006.01.01,九院,送检淋巴结方位,,SI1112416,上海九院临床研究数据元素集:SJLBJFW,,,,,枚举,,,,,,1=左侧；2=右侧；4=双侧,否,,,,
1047,LI0000127,65d939191243cba9e6d95c3feb229234fd9b3538e3d05a295c27c649b693defe,Yes,病理检查,九院,解剖与病理信息,颈清直径,NECK_DIAMETER,记录清扫淋巴结的最大直径，通常以厘米为单位。,Diameter of Neck Dissection (if used),,,,,临床研究通用数据元素集(CRCDE),数据元标准,CCDE.07.00.0000008.01.01,九院,阳性淋巴结最大直径,,SI1112418,上海九院临床研究数据元素集:YXLBJZDZJ,,,,,枚举,,,,,,1=≤3；2=≤6（＞3）；3=＞6,否,,,,
1119,LI0000130,ceb1c9945b5de4014e4b08b2de08f872c01b958366287da0586e30e7102f08cd,Yes,"影像检查,专科检查,检查","东肝,九院",解剖与病理信息,淋巴结转移部位,LN_METASTASIS_SITE,描述淋巴结转移的具体部位。,Site of Lymph Node Metastasis,阳性淋巴结区域,,,,临床研究通用数据元素集(CRCDE),数据元标准,CCDE.07.00.0000009.01.01,九院,淋巴结转移包膜外ENE(+)标志,,SI1112419,上海九院临床研究数据元素集:ENEPBZ,,,,,枚举,,,,,,0=否；1=是,否,,,,
1124,LI0000130,ceb1c9945b5de4014e4b08b2de08f872c01b958366287da0586e30e7102f08cd,Yes,"影像检查,专科检查,检查","东肝,九院",解剖与病理信息,淋巴结转移部位,LN_METASTASIS_SITE,描述淋巴结转移的具体部位。,Site of Lymph Node Metastasis,阳性淋巴结区域,,,,临床研究通用数据元素集(CRCDE),数据元标准,CCDE.07.04.0000077.01.01,中山七院,淋巴结部位,,SI1105635,UDE数据标准:UDE0082657;上海九院临床研究数据元素集:LBJBW,,,,,文本,50,,,,,,,,,,
1138,LI0000130,ceb1c9945b5de4014e4b08b2de08f872c01b958366287da0586e30e7102f08cd,Yes,"影像检查,专科检查,检查","东肝,九院",解剖与病理信息,淋巴结转移部位,LN_METASTASIS_SITE,描述淋巴结转移的具体部位。,Site of Lymph Node Metastasis,阳性淋巴结区域,,,,临床研究通用数据元素集(CRCDE),数据元标准,CCDE.07.00.0000005.01.01,九院,送检淋巴结标志,,SI1112415,上海九院临床研究数据元素集:SJLBJBZ,,,,,枚举,,,,,,0=否；1=是,否,,,,
1173,LI0000133,255911e1f5321aae36d35751ebe2f6f37384383e9114e366113fb345e5dd6d3c,Yes,"手术记录,病理检查","东肝,九院",解剖与病理信息,淋巴结清扫范围,LN_DISSEC_EXTENT,手术中清扫淋巴结的范围，如：胆囊旁、胆总管旁、肝动脉旁、肝总动脉旁、胰头后、胃左动脉、肝十二指肠韧带等,Extent of Lymph Node Dissection,"淋巴结清扫区域, 处理对象及所在部位",,,,临床研究通用数据元素集(CRCDE),数据元标准,CCDE.07.04.0000077.01.01,中山七院,淋巴结部位,,SI1105635,UDE数据标准:UDE0082657;上海九院临床研究数据元素集:LBJBW,,,,,文本,50,,,,,,,,,,
1181,LI0000133,255911e1f5321aae36d35751ebe2f6f37384383e9114e366113fb345e5dd6d3c,Yes,"手术记录,病理检查","东肝,九院",解剖与病理信息,淋巴结清扫范围,LN_DISSEC_EXTENT,手术中清扫淋巴结的范围，如：胆囊旁、胆总管旁、肝动脉旁、肝总动脉旁、胰头后、胃左动脉、肝十二指肠韧带等,Extent of Lymph Node Dissection,"淋巴结清扫区域, 处理对象及所在部位",,,,临床研究通用数据元素集(CRCDE),数据元标准,CCDE.07.00.0000007.01.01,九院,送检淋巴结区域,,SI1112417,上海九院临床研究数据元素集:SJLBJQY,,,,,枚举,,,,,,1=I区；2=II区；3=III区；4=IV区；5=V区；7=其他,否,,,,
1360,LI0000150,f89c067ff6a97084fd28b22f08a0a84e870c90261dda1155ab523d6bc1b2ae61,Yes,"入院记录,现病史,既往史,手术记录","东肝,九院,胸科",治疗与操作,手术名称,SURG_NAME,手术的具体操作名称，如“右肝肿瘤切除术”“经皮肝穿刺微波热凝肝癌损毁术”等。,Surgery Name,"手术治疗, 既往口腔病灶切除史, 既往颈淋巴结清扫史",,,,临床研究通用数据元素集(CRCDE),数据元标准,CCDE.03.10.0000005.01.01,九院,既往手术史,,SI1105442,上海九院临床研究数据元素集:SSS;中山大学附属第七医院临床研究数据集;上海东方肝胆医院院级临床研究数据集:SSS;合肥肿瘤医院院级临床研究数据集:SSS,,,,,文本,100,,,,,,,,,,
1477,LI0000153,911d82e3bbc3b58029e5e5cbc7bef036769b148f47e905214f75acec1142d62a,Yes,手术记录,九院,治疗与操作,材料大小,MAT_SIZE,用于修复缺损部位的皮瓣、肌肉岛等的大小，通常以毫米或厘米为单位。,Material Size,,,,,临床研究通用数据元素集(CRCDE),数据元标准,CCDE.11.00.0001842.01.01,九院,是否有皮瓣修复,标识患者是否接受过皮瓣修复手术操作治疗,SI1112341,上海九院临床研究数据元素集:SFPBXF,,,,,枚举,,,,,,0=否；1=是,否,,,,
1479,LI0000154,1d68be087507cf8c9a45d2a51f27b26c7b7acf5c61c71094e224c5681ec45d96,Yes,手术记录,九院,治疗与操作,材料来源,MAT_SOURCE,皮瓣、肌肉岛等材料的来源部位或出处。选项包括自体组织、异体组织、合成材料、生物工程材料等。,Material Source,,,,,临床研究通用数据元素集(CRCDE),数据元标准,CCDE.11.00.0001842.01.01,九院,是否有皮瓣修复,标识患者是否接受过皮瓣修复手术操作治疗,SI1112341,上海九院临床研究数据元素集:SFPBXF,,,,,枚举,,,,,,0=否；1=是,否,,,,
1481,LI0000155,9f4698e099ee38727c63ed3b3a1f685a0df58558aab520e2f3f2100e2885df0d,Yes,手术记录,九院,治疗与操作,修复重建部位,RECON_SITE,进行修复或重建的具体区域、部位。例如股骨远端、髋关节、主动脉根部等。,Reconstruction Site,,,,,临床研究通用数据元素集(CRCDE),数据元标准,CCDE.11.00.0001842.01.01,九院,是否有皮瓣修复,标识患者是否接受过皮瓣修复手术操作治疗,SI1112341,上海九院临床研究数据元素集:SFPBXF,,,,,枚举,,,,,,0=否；1=是,否,,,,
1483,LI0000156,3854cebc8f7f65302a2cba730b3302ad5c4608686dd46859b8aeed5478fa05ac,Yes,手术记录,九院,治疗与操作,缺损大小,DEF_SIZE,缺损的尺寸，通常以厘米为单位测量最大直径或面积。例如“缺损面积约2x2厘米”。,Defect Size,,,,,临床研究通用数据元素集(CRCDE),数据元标准,CCDE.11.00.0001842.01.01,九院,是否有皮瓣修复,标识患者是否接受过皮瓣修复手术操作治疗,SI1112341,上海九院临床研究数据元素集:SFPBXF,,,,,枚举,,,,,,0=否；1=是,否,,,,
1638,LI0000183,01893b347e63d28eafd13a6044a48af89ded5052ae7174a20c43ced3ad91aacc,Yes,"影像检查,专科检查,病理检查",九院,解剖与病理信息,淋巴结侵犯数目,NO_POSI_LN,指在手术切除或活检样本中，经病理学检查确认含有肿瘤细胞转移的淋巴结数量。,Number of Positive Lymph Nodes,,,,,临床研究通用数据元素集(CRCDE),数据元标准,CCDE.07.00.0000009.01.01,九院,淋巴结转移包膜外ENE(+)标志,,SI1112419,上海九院临床研究数据元素集:ENEPBZ,,,,,枚举,,,,,,0=否；1=是,否,,,,
1664,LI0000195,8757d8789744a3d86ba3ea64ab58dbaf5bde8b3a86a39358223f7ea7c6e0df75,Yes,"日常病程,物理检查,现病史,手术记录,检查,病理检查","东肝,九院,胸科",解剖与病理信息,主要病变,PRIMARY_LESION,描述探查中发现的主要病变,Primary Lesion,解剖学部位、主要病灶、病灶类型,,,,临床研究通用数据元素集(CRCDE),数据元标准,CCDE.07.00.0000023.01.01,九院,解剖学部位,,SI1112433,上海九院临床研究数据元素集:JPXBW,,,,,文本,100,,,,,,,,,,
2010,LI0000209,389cb17606c51c4f866d32b3f9233c373fbb999087a0d933b1bbe7dd87629ce9,Yes,"影像检查,专科检查,物理检查,病理,病理诊断,现病史,手术记录","东肝,九院,胸科",健康问题与诊断,侵犯部位/类型,INV_SITES,侵犯发生于神经、胆管、血管或者包膜的情况或者侵犯的具体部位，如“肝门”、“膈肌”、“胆囊”、“血管”等。,Invasion Sites,"侵犯情况,累及部位,侵犯类型",,,,临床研究通用数据元素集(CRCDE),数据元标准,CCDE.10.00.0000957.01.01,九院;东肝,血管侵犯,,SI1112467,上海东方肝胆医院院级临床研究数据集:ZB_XGQF1;上海九院临床研究数据元素集:XGQF,,,,,枚举,,,,,,0=否；1=是,否,,,,
